customer_id,age,gender,annual_income,city,membership_type,purchase_amount,quantity,signup_date,payment_method,rating,notes
100508,43.0,female,80242.98,Bengaluru ,Gold,99.13,1,08-22-2021,Debit Card,1,
100819,41.0,Female,,Delhi ,Silver,113.23,1,16 Jun 2020,Net Banking,4,
100453,61.0,Male,56285.4,Bengaluru ,Gold,248.19,2,28 Sep 2020,Debit Card,4,
100369,,Male,81878.74,nan,Silver,51.27,9,10 Sep 2023,Credit Card,4,
100243,24.0,Male,100566.42, Delhi,Silver,97.97,1,07/01/2021,Credit Card,4,
100930,39.0,male,53791.02,chennai,Gold,76.87,6,01-19-2021,Net Banking,3,
100263,41.0,Male,96656.59,Bengaluru ,Platinum,183.44,7,30 Jan 2023,UPI,3,
100811,36.0,Male,51778.62,Chennai,Gold,110.33,2,07-21-2023,UPI,4,
100319,50.0,nan,33393.21,delhi,Silver,$41.88,2,13/09/2019,UPI,4,
100050,39.0,Male,65293.6,nan,nan,162.85,9,07/10/2020,UPI,2,
100447,51.0,M,52358.28,hyderabad,Silver,112.27,2,08 Apr 2020,Credit Card,5,
100143,23.0,Male,68971.57,Hyderabad,Silver,176.02,5,02-09-2022,Credit Card,3,
100895,34.0,M,39852.35,nan,Silver,64.05,5,02/12/2022,COD,4,
100346,24.0,nan,59234.29,chennai,Gold,177.02,1,06 Aug 2020,Debit Card,5,
100880,38.0,nan,61897.39,Bengaluru,Bronze,82.85,1,05/02/2020,UPI,1,
100134,35.0,male,59406.46,CHENNAI,Silver,43.12,9,31 Jul 2022,Net Banking,2,
100105,27.0,Female,39277.4, Mumbai,Bronze,48.78,1,05-17-2019,Credit Card,5,
100007,40.0,Female,69345.46, Chennai,Bronze,21.97,4,10/03/2022,Credit Card,2,
100601,44.0,female,77798.72,MUMBAI,nan,78.4,,2019-01-10,Debit Card,2,
100497,23.0,MALE,91450.09,nan,Silver,73.19,4,07-19-2020,Credit Card,5,
100703,26.0,Male,,hyderabad,Silver,87.33,2,21 Jun 2019,Net Banking,4,
100473,35.0,female,79793.85,DELHI,Bronze,$95.85,1,17/12/2022,Credit Card,4,
100599,41.0,MALE,74387.21,nan,Silver,129.33,8,16/04/2023,UPI,4,
100503,29.0,Female,76683.38,Bengaluru,Silver,116.5,1,2020-03-13,Credit Card,2,
100434,22.0,F,47681.2,Hyderabad,Silver,160.21,4,23/09/2019,Net Banking,4,
100120,35.0,female,,nan,nan,67.35,1,29 Mar 2023,Credit Card,2,
100109,48.0,Female,46697.51, Mumbai,Silver,99.77,2,11-10-2021,Debit Card,3,
100648,21.0,MALE,49575.4,Chennai,Silver,173.6,1,2019-06-19,COD,3,
100590,57.0,Female,72179.13,Mumbai ,Bronze,171.55,8,01-29-2023,Debit Card,3,
100375,45.0,Male,45603.99,Bengaluru,Bronze,134.79,6,07-17-2022,UPI,1,
100911,29.0,Female,,Chennai ,Silver,342.82,2,17/12/2020,UPI,1,
100719,34.0,Male,26804.74,Bengaluru ,Bronze,93.99,7,15/06/2022,Net Banking,5,
100745,39.0,Male,66351.11, Bengaluru,Bronze,108.17,7,16 Jul 2022,Credit Card,1,
100495,34.0,nan,49518.28,Delhi ,Silver,122.63,6,01 Jul 2020,Net Banking,2,
100405,44.0,nan,16215.01,Hyderabad ,Silver,138.69,1,2022-06-17,Net Banking,4,
100275,57.0,Male,52589.63, Hyderabad,Bronze,198.26,2,2023-10-26,Credit Card,2,
100079,46.0,Female,42540.86,nan,Silver,66.37,1,21/03/2023,COD,4,
100722,52.0,F,63733.6,Hyderabad,Bronze,90.8,4,09-21-2023,Credit Card,1,
100645,34.0,male,51420.41,delhi,nan,348.42,6,15/03/2021,nan,1,
100615,,male,84887.01,delhi,Bronze,112.53,3,2019-03-25,Net Banking,5,
100873,150.0,Male,79636.27,nan,Silver,113.09,3,2019-06-08,Credit Card,1,
100692,35.0,nan,58052.34,nan,Gold,171.3,6,01-22-2021,Net Banking,4,
100091,46.0,Male,99447.2,Mumbai,Gold,25.67,7,13 Jun 2019,UPI,1,
100102,54.0,Female,,Delhi,Silver,$23.85,7,2022-04-22,Debit Card,4,
100095,18.0,Male,61542.58,Bengaluru ,Silver,185.22,8,10/05/2022,Credit Card,4,
100578,53.0,Male,30300.48,Bengaluru ,Silver,4.67,6,09 Sep 2022,COD,5,
100538,52.0,female,83105.19,hyderabad,Bronze,87.96,7,12 Sep 2021,Debit Card,4,
100042,45.0,Female,78175.95,nan,Bronze,224.3,6,11-26-2022,Credit Card,3,
100454,63.0,Male,,HYDERABAD,Silver,76.16,1,2021-05-04,Credit Card,5,
100621,33.0,Female,108173.18,bengaluru,nan,175.14,4,12/06/2020,COD,5,
100714,38.0,Female,35289.22,CHENNAI,Silver,36.13,5,11/02/2020,Credit Card,1,N/A
100035,45.0,Male,87453.57, Mumbai,Silver,125.82,3,05 Oct 2020,UPI,1,N/A
100640,44.0,nan,31639.31,CHENNAI,Bronze,80.27,9,,COD,5,
100036,52.0,Female,63116.11,MUMBAI,Silver,102.01,5,2019-01-07,Credit Card,5,
100149,51.0,Male,80450.8,nan,Silver,121.82,9,07/03/2019,Credit Card,2,
100456,40.0,Female,107137.69, Delhi,Bronze,15.74,2,08-22-2021,Debit Card,4,N/A
100886,41.0,Male,63779.65,Delhi,Bronze,156.5,1,04 Sep 2021,UPI,1,
100678,,nan,70824.1,Hyderabad,Bronze,300.25,2,2022-06-18,UPI,4,
100487,29.0,Female,52908.03,bengaluru,Bronze,67.83,7,01 Jun 2019,Credit Card,5,
100686,32.0,Male,70363.26,mumbai,Bronze,111.67,3,25 Jul 2022,UPI,2,
100308,54.0,female,54069.24, Bengaluru,nan,167.63,6,2023-12-02,Net Banking,5,
100239,25.0,female,,delhi,Gold,110.79,4,04-21-2022,COD,2,
100396,40.0,Female,87387.94, Bengaluru,Bronze,102.47,4,08/04/2020,COD,4,
100735,41.0,M,61475.74,nan,Gold,277.65,8,21 Sep 2021,Debit Card,5,
100823,24.0,female,54674.05,Chennai ,Gold,84.22,6,2019-03-27,Debit Card,3,
100813,41.0,Female,86319.55,Delhi,nan,236.74,9,16 Mar 2019,Net Banking,4,
100465,25.0,Female,45839.77,hyderabad,Bronze,47.65,-1,28/11/2020,UPI,3,
100817,33.0,Female,63871.18,mumbai,Silver,465.45,3,,Debit Card,2,
100529,41.0,female,89637.5,chennai,Silver,96.1,9,08-22-2022,Credit Card,2,
100018,26.0,female,48874.36,HYDERABAD,Bronze,46.6,5,08-27-2022,Credit Card,5,
100710,46.0,Female,89657.27,nan,Gold,25000.0,-1,10-08-2020,COD,4,
100371,-5.0,Male,61198.57,Delhi,Bronze,90.68,1,2022-02-14,Credit Card,4,
100242,37.0,F,90833.73,bengaluru,Silver,143.15,7,12/07/2023,Debit Card,1,N/A
100455,39.0,Female,87675.79,BENGALURU,Silver,139.28,4,04-06-2019,Debit Card,1,
100458,28.0,male,64663.27,Hyderabad,Bronze,152.35,9,04-29-2020,UPI,3,
100066,48.0,Female,55748.89, Chennai,Bronze,121.04,9,07-06-2021,Debit Card,2,
100192,36 yrs,female,91023.17,nan,Silver,69.82,9,17/11/2023,UPI,4,
100839,,M,37479.13,mumbai,Bronze,135.57,4,16/07/2023,Debit Card,3,
100332,46.0,MALE,,nan,Bronze,81.55,8,27/01/2021,UPI,3,
100639,45.0,Female,38382.45,DELHI,Bronze,238.97,4,2019-08-13,UPI,1,
100256,47.0,Female,,CHENNAI,Bronze,115.29,3,26/11/2023,UPI,4,
100743,26.0,Female,42195.86, Chennai,Bronze,44.33,2,27/05/2022,COD,1,
100757,27.0,Female,61608.99,Bengaluru ,nan,130.06,4,2023-08-09,Debit Card,3,
100758,48.0,M,101825.11,nan,Bronze,158.37,4,13/12/2022,Credit Card,3,
100501,54.0,Male,56335.35,BENGALURU,Silver,72.66,8,2020-01-23,Debit Card,4,
100500,20.0,Female,55779.47,nan,Bronze,194.96,7,02-24-2023,UPI,5,
100464,18.0,Male,60147.62,nan,Bronze,46.5,3,11-11-2023,COD,5,
100844,37.0,MALE,65144.14,nan,Silver,208.13,3,20 Jun 2022,UPI,1,
100574,27.0,male,64088.84, Bengaluru,Platinum,72.42,8,11 Feb 2023,Debit Card,1,
100528,,Female,54038.54,HYDERABAD,Bronze,215.82,6,23/11/2022,Credit Card,5,
100655,45.0,Male,61897.34, Chennai,Platinum,293.9,1,05-24-2023,UPI,1,
100190,58.0,female,54569.23,nan,Bronze,28.11,3,03-29-2022,Debit Card,1,
100518,30 yrs,Male,92554.72, Hyderabad,Gold,39.26,1,27 Nov 2019,UPI,4,
100160,,MALE,66960.04,Delhi,Silver,286.42,6,,Net Banking,3,
100415,35.0,Female,52718.3,Hyderabad ,Gold,12.24,4,13 Jan 2020,crypto,4,
100672,41.0,Male,45612.03,nan,Bronze,299.72,,11 Feb 2020,Credit Card,1,
100560,27.0,male,, Bengaluru,nan,$180.58,2,30/04/2020,Net Banking,5,
100594,18.0,Male,87671.37,CHENNAI,Bronze,92.76,9,06 Dec 2022,Credit Card,3,
100259,36.0,Female,70545.79,chennai,Bronze,33.38,4,10 Apr 2022,Debit Card,5,
100155,37.0,Male,68863.63,delhi,Bronze,86.55,3,17 Aug 2019,Debit Card,1,
100336,,Male,103707.62,BENGALURU,Bronze,167.14,4,16/01/2023,Net Banking,2,
100014,52.0,Female,49280.47,Delhi,Silver,24.01,5,10-11-2023,Net Banking,1,
100912,43.0,nan,80047.67,Hyderabad,Silver,2.73,5,24/04/2022,Debit Card,3,
100157,40.0,MALE,54524.54,CHENNAI,Bronze,18.11,1,2021-11-09,Net Banking,3,
100429,21.0,Female,76774.07,BENGALURU,Bronze,41.09,4,2023-07-09,Credit Card,1,
100825,18.0,Male,,delhi,Silver,160.56,7,05/10/2022,UPI,4,
100268,42.0,nan,46949.87,chennai,Gold,347.76,8,03-26-2023,Credit Card,4,
100539,23.0,Male,,Mumbai ,Silver,300.85,,2020-02-12,Debit Card,5,
100237,23.0,male,73753.11,delhi,Platinum,197.75,5,2023-09-07,UPI,5,
100945,41.0,Male,103891.96,Chennai,Platinum,319.5,5,2021-11-10,UPI,5,
100480,,Female,54298.26,CHENNAI,Silver,147.53,2,2022-05-13,Net Banking,2,
100786,41.0,MALE,77775.19,Hyderabad,Silver,179.85,3,05-19-2023,Debit Card,4,
100446,20.0,Male,50100.34,HYDERABAD,Silver,203.67,5,12-16-2023,Credit Card,2,
100060,50.0,Female,91164.93,Mumbai ,nan,215.55,8,16 May 2020,Debit Card,2,
100869,31.0,F,999999999.0,delhi,Gold,68.54,2,07 Jul 2019,nan,1,
100176,40.0,Female,46146.4, Bengaluru,Gold,95.4,1,21 Oct 2023,Debit Card,0,
100712,46.0,Female,84912.7,chennai,Gold,117.98,5,01 Jun 2021,COD,4,
100450,43.0,Male,27776.13,delhi,Platinum,17.41,6,2023-09-04,COD,1,
100121,26.0,Female,77588.08, Bengaluru,Gold,333.56,6,29/09/2022,COD,3,
100795,19.0,M,51119.13, Delhi,Bronze,96.25,1,06 Jan 2019,Debit Card,2,
100181,54.0,M,79629.85,Chennai ,Bronze,145.07,2,2019-07-15,Debit Card,5,
100312,43.0,female,87098.81,bengaluru,Bronze,85.32,3,13 Nov 2021,Debit Card,2,
100004,49.0,Female,38192.88,Bengaluru ,Silver,11.05,6,11 Jun 2021,COD,1,
100195,25.0,Male,89944.23,BENGALURU,Silver,154.21,2,07-07-2023,Net Banking,5,
100438,25.0,Female,17556.09,MUMBAI,Bronze,153.93,2,09/11/2022,Debit Card,2,
100684,32.0,Female,64585.87, Chennai,nan,$52.5,4,03-12-2020,Debit Card,3,
100800,38.0,female,84354.51,delhi,Silver,128.77,3,2020-06-06,Credit Card,1,
100747,60.0,male,68238.39,hyderabad,Gold,90.87,5,06 Feb 2022,Debit Card,3,
100626,32.0,MALE,89757.67, Mumbai,Platinum,130.75,8,2020-10-03,Debit Card,3,
100693,49.0,MALE,36423.69,Bengaluru,Platinum,99.35,6,20 Apr 2023,UPI,4,
100552,45.0,M,60724.06, Delhi,Bronze,146.82,6,29/12/2020,Debit Card,4,
100249,73.0,Male,35288.76,Chennai,Platinum,352.73,4,2022-01-13,Credit Card,4,
100660,34.0,Male,66803.14,nan,Gold,58.08,6,05-14-2023,UPI,3,
100003,47.0,Male,98931.73,Hyderabad ,Bronze,19.83,9,2020-09-13,Net Banking,3,
100025,33.0,Male,72840.22,nan,nan,146.23,4,2021-09-19,Net Banking,3,
100861,26 yrs,Female,84613.47,Delhi ,Platinum,68.84,4,03-11-2019,UPI,1,
100777,25.0,Male,55602.7, Mumbai,Bronze,22.85,9,10/04/2020,UPI,5,
100858,,Female,31712.87,BENGALURU,Bronze,81.3,9,29 Mar 2022,Credit Card,5,
100359,28.0,Female,84993.48,chennai,Gold,95.04,8,07/09/2021,crypto,5,N/A
100770,58.0,Male,47941.24,hyderabad,Gold,-100.0,6,06-14-2019,Debit Card,5,
100074,44.0,F,,Mumbai,Bronze,215.13,6,19 Jun 2020,COD,5,
100118,38.0,Male,52413.11,chennai,Silver,9.29,1,27 Oct 2023,UPI,3,
100939,49.0,Male,75877.54,nan,Bronze,69.79,7,13/09/2021,Debit Card,2,
100536,46.0,Male,95434.01,DELHI,Gold,137.5,7,03-24-2019,Debit Card,5,
100112,41.0,Female,41926.5, Chennai,Gold,102.43,9,20 Mar 2021,Credit Card,4,
100510,44.0,Male,101330.54,Hyderabad,Silver,194.58,9,10-05-2021,Credit Card,4,
100513,39 yrs,nan,64283.51,Mumbai,Bronze,159.12,9,27/02/2019,Debit Card,3,
100917,55.0,female,67833.13, Chennai,Gold,33.48,7,2020-11-22,UPI,5,
100556,,Female,63599.74, Chennai,Gold,120.23,1,,COD,5,
100553,42.0,nan,28990.43,MUMBAI,Gold,82.26,7,26 Dec 2022,Credit Card,4,
100355,51.0,F,75334.06,Hyderabad ,Gold,45.49,8,16 Sep 2020,nan,1,
100509,31.0,Male,59398.63,Bengaluru,Silver,258.02,5,2023-12-14,Net Banking,1,
100009,38.0,female,74773.37,mumbai,Gold,187.45,8,05-03-2020,Net Banking,4,
100582,24.0,male,56327.45,bengaluru,Platinum,42.28,8,06-17-2019,Debit Card,3,
100057,35.0,female,12962.23, Bengaluru,nan,88.02,8,03-15-2019,Debit Card,4,
100577,54.0,Female,105412.79, Bengaluru,Bronze,84.84,5,2021-10-05,Debit Card,5,
100706,26.0,male,96315.59,mumbai,Bronze,66.96,6,23/12/2019,UPI,4,
100652,36.0,M,95747.15,BENGALURU,Bronze,$168.54,7,,Credit Card,3,
100085,24.0,Male,76662.16,hyderabad,nan,81.32,,2019-12-08,COD,4,
100229,28.0,Female,48732.19,Chennai ,Bronze,43.21,2,2019-08-15,nan,3,
100160,,MALE,66960.04,Delhi,Silver,286.42,6,,Net Banking,3,
100206,37.0,Female,74620.57,chennai,Bronze,55.05,2,02/06/2023,Credit Card,2,
100126,42.0,Female,82416.46,nan,Silver,107.92,9,2022-01-05,Credit Card,5,
100689,32.0,Female,73996.31,delhi,Gold,202.4,,09 Apr 2023,Debit Card,4,
100888,33.0,nan,58207.9, Delhi,Silver,295.34,2,2023-07-21,Net Banking,3,
100474,40.0,Female,81386.86, Delhi,Silver,453.66,4,13/02/2019,Credit Card,3,
100245,64.0,Female,65277.96,nan,Bronze,12.6,8,28 Jul 2019,Debit Card,4,
100598,48.0,Male,28807.66,mumbai,Silver,181.89,2,15 Sep 2021,Debit Card,2,
100798,51.0,Female,81514.27,MUMBAI,Platinum,45.03,5,07-14-2021,COD,3,
100196,27.0,Female,121252.98,Delhi,Bronze,11.73,4,2020-07-11,Credit Card,2,
100203,39.0,Female,40667.93, Delhi,Gold,82.63,9,18/05/2022,UPI,1,
100082,30.0,female,88178.99,chennai,Gold,137.02,1,10-21-2019,UPI,4,
100485,37.0,Male,66791.86,Hyderabad ,Bronze,399.54,5,24/03/2019,Debit Card,1,
100444,54.0,male,87199.39,Chennai ,Bronze,22.76,5,07-22-2021,COD,5,
100579,35.0,Male,74995.76,Mumbai,Bronze,88.02,8,03 Jan 2019,Credit Card,5,
100202,55.0,nan,59006.94,mumbai,Bronze,356.73,3,25/07/2019,Credit Card,1,
100187,40.0,Male,48810.93,Mumbai ,Bronze,33.31,4,04-01-2022,Debit Card,1,
100517,46.0,Female,81959.17, Delhi,Bronze,224.62,1,22 Dec 2019,Debit Card,1,
100822,55.0,Male,49284.07,Chennai ,Gold,63.49,6,03-16-2023,Credit Card,2,
100777,25.0,Male,55602.7, Mumbai,Bronze,22.85,9,10/04/2020,UPI,5,
100217,44.0,Female,55631.49,hyderabad,Bronze,143.66,9,02-13-2019,COD,4,
100051,41.0,Male,49200.27,Mumbai,Gold,303.01,3,28 Jan 2023,Net Banking,5,
100784,49.0,male,86580.19,Mumbai ,nan,42.66,5,2020-08-20,UPI,5,
100673,29.0,Female,45863.27,delhi,Bronze,51.54,2,2020-04-11,Credit Card,1,
100532,27.0,Male,85173.37,DELHI,Gold,186.84,8,03-06-2020,Net Banking,2,
100315,48.0,Female,72260.18, Mumbai,Gold,14.12,9,01-31-2019,Debit Card,1,
100201,42.0,Male,43448.34,BENGALURU,Platinum,20.58,5,2020-06-01,Credit Card,-1,
100224,25.0,M,68460.14,Hyderabad,Bronze,109.86,2,2023-06-19,Credit Card,5,
100588,28.0,Male,,Hyderabad ,Gold,86.1,7,15 Apr 2021,COD,1,
100154,32.0,Male,64439.64,nan,Silver,61.39,5,12 Dec 2019,COD,3,
100700,36 yrs,Male,,chennai,nan,25000.0,9,18 May 2023,Debit Card,1,
100827,38.0,Female,59849.58,nan,Silver,51.53,7,10/05/2023,crypto,1,
100234,52.0,Female,,Mumbai,Bronze,52.92,8,23 Jun 2020,UPI,5,
100585,47.0,Male,57399.24,CHENNAI,Gold,118.47,1,2021-09-19,Debit Card,5,
100366,56.0,M,120348.72,Bengaluru ,Silver,61.51,6,2021-07-17,COD,1,N/A
100431,26.0,female,84603.82,Hyderabad,Platinum,$154.12,1,23/06/2022,UPI,4,
100875,23.0,Male,44094.74,BENGALURU,Silver,180.72,4,12 Apr 2022,UPI,3,
100551,43.0,Male,100645.88,Chennai ,Gold,153.15,5,27/10/2021,UPI,5,
100609,18.0,male,92446.85,CHENNAI,nan,53.32,4,2019-12-22,nan,5,
100208,23.0,M,77060.14,BENGALURU,Silver,$111.29,4,10/05/2022,COD,5,
100383,,M,68951.13,mumbai,Silver,191.28,6,08 Jun 2021,UPI,1,
100026,34.0,F,71076.75, Mumbai,Gold,63.66,2,29/05/2021,COD,5,
100850,50.0,Male,34185.31, Chennai,Bronze,24.48,8,2020-04-21,UPI,3,
100048,41.0,nan,76637.01,mumbai,Silver,224.19,3,25 Jan 2023,COD,5,
100522,27.0,Female,80319.11, Mumbai,Gold,140.1,6,2020-11-11,Net Banking,5,
100637,36.0,Female,61070.03,nan,Gold,125.75,3,2023-03-08,Debit Card,3,
100020,37.0,male,72814.5,Chennai,Bronze,376.75,4,2023-01-12,COD,1,
100367,29.0,Male,81690.51,Hyderabad ,Silver,286.04,9,06 Nov 2021,Credit Card,2,
100341,18.0,nan,70584.83,Hyderabad,Bronze,113.85,3,29 Nov 2019,Net Banking,5,
100926,61.0,F,84576.83,CHENNAI,Bronze,81.98,7,03/12/2023,UPI,3,N/A
100676,42.0,Male,97807.08,nan,Bronze,200.37,8,28/10/2023,Debit Card,2,
100307,34.0,Female,, Delhi,Silver,99.55,8,06 Jul 2019,Credit Card,5,
100836,27.0,Male,99522.65,nan,Bronze,62.64,2,2021-04-26,UPI,3,
100430,43.0,M,56078.61,Delhi ,Silver,271.89,8,2022-04-08,Credit Card,1,
100824,24.0,Female,87007.41,nan,Silver,75.81,5,2022-09-14,Debit Card,3,
100305,37.0,Male,3724.4,Delhi,Bronze,60.95,8,2019-03-07,Credit Card,1,
100356,41.0,Female,20610.51,Bengaluru,nan,150.43,3,2019-04-11,UPI,1,
100178,40.0,Male,57712.45, Bengaluru,Gold,118.81,-1,07-15-2021,Debit Card,2,
100946,34.0,Female,96518.41,chennai,Silver,189.31,2,04-04-2022,UPI,3,
100061,18.0,Female,55130.64,mumbai,Gold,94.12,1,2020-10-10,Credit Card,3,
100310,59.0,Male,89704.95, Mumbai,Silver,20.15,1,2021-07-24,UPI,3,
100893,33.0,female,126190.62,bengaluru,Bronze,54.6,9,18/07/2023,Debit Card,3,
100302,20.0,Male,77625.49,CHENNAI,nan,22.78,1,08/01/2021,Credit Card,1,
100921,34.0,Male,73432.34, Chennai,Bronze,151.98,5,,UPI,3,
100595,23.0,Male,46169.25,hyderabad,nan,89.06,2,25 Jun 2022,UPI,2,
100762,46.0,Female,99548.37,BENGALURU,nan,176.45,4,07/01/2023,COD,5,
100108,34.0,male,,nan,Platinum,40.42,6,29 Aug 2022,UPI,5,
100748,44.0,Male,-50000.0,delhi,Platinum,201.07,4,,Debit Card,4,
100238,36.0,Male,77216.9,chennai,Silver,268.81,9,08/03/2019,Debit Card,3,
100807,36.0,nan,55723.99,delhi,Silver,68.82,6,31 May 2022,Credit Card,3,
100100,27.0,female,58156.94,Chennai,Bronze,177.98,8,07-05-2021,Debit Card,1,
100251,34.0,M,49632.89, Mumbai,Bronze,133.13,3,28/01/2020,COD,3,
100834,33.0,Male,47889.47,nan,Silver,511.49,1,09-24-2022,Debit Card,2,
100475,45.0,female,117072.53,delhi,Gold,109.32,9,,UPI,3,
100704,37.0,female,60207.66,Delhi ,Bronze,39.27,5,09/05/2020,Credit Card,4,
100942,49.0,Male,64977.61,chennai,Silver,61.18,1,08-24-2023,UPI,5,
100384,23.0,Male,41296.31,chennai,Platinum,140.14,4,2020-11-11,Debit Card,4,
100681,48.0,male,27043.71,nan,Bronze,147.16,8,28/05/2022,Credit Card,5,
100182,41.0,Male,48065.12,Bengaluru,Gold,150.99,9,24/08/2019,Credit Card,3,
100013,39.0,M,59958.74,nan,Bronze,82.9,1,2022-08-31,UPI,4,N/A
100614,200.0,Female,74204.37,mumbai,Silver,64.84,1,02-13-2021,Net Banking,5,
100086,44.0,female,, Hyderabad,Silver,55.16,3,25 Sep 2023,UPI,2,
100321,47.0,F,87829.62,CHENNAI,Silver,131.65,4,12-25-2020,Debit Card,1,
100650,33.0,male,51308.88,nan,Platinum,89.41,3,2019-06-10,Debit Card,4,
100711,38.0,F,60568.08, Mumbai,Bronze,200.08,4,25 Jun 2022,Debit Card,1,
100386,28.0,M,68001.62, Mumbai,Silver,124.08,7,26 Feb 2019,Credit Card,1,
100891,28.0,Female,77657.37,Mumbai,Bronze,89.52,8,06-26-2022,UPI,1,
100440,43.0,Female,46979.32,bengaluru,Bronze,200.76,5,02/11/2020,Credit Card,5,
100136,26.0,Female,93017.64,HYDERABAD,Silver,204.42,4,07-24-2021,Net Banking,2,
100568,30.0,F,77288.8, Mumbai,Silver,332.5,2,10/03/2021,UPI,3,
100299,21.0,Female,55890.38,DELHI,Gold,166.3,1,08 Aug 2021,Credit Card,3,
100161,26.0,Female,111756.9,Hyderabad,Bronze,103.66,9,29/07/2022,Debit Card,4,
100269,39.0,nan,58900.54, Mumbai,Gold,316.71,8,07/11/2021,UPI,1,
100659,53.0,Female,64151.32,HYDERABAD,Bronze,10.25,5,19 Feb 2021,Debit Card,1,
100171,30.0,Male,58356.63,Hyderabad ,Gold,70.13,5,21/06/2022,Credit Card,3,
100642,46.0,Female,52940.43,chennai,Silver,137.99,4,20/11/2023,Net Banking,5,
100907,35.0,male,54256.12,nan,Bronze,$48.17,2,2022-07-06,Credit Card,1,
100806,51.0,Female,76118.24,Hyderabad ,Silver,285.59,2,2021-09-25,Net Banking,1,
100894,38.0,M,43278.53,Mumbai,Gold,144.9,9,2020-11-30,Net Banking,2,
100390,21.0,Male,96399.97,mumbai,Bronze,$84.17,1,20/08/2020,Credit Card,2,
100122,40.0,nan,67637.48,Hyderabad,Platinum,229.93,5,08 Feb 2022,Net Banking,3,
100838,55.0,Male,70566.66,nan,Bronze,57.53,8,02-01-2019,Credit Card,4,
100188,23.0,M,78549.7,Delhi,Bronze,82.88,1,30 Nov 2020,UPI,3,
100017,42.0,nan,49655.66,Mumbai,Silver,161.0,9,2021-07-07,UPI,5,
100774,54.0,male,85390.22,HYDERABAD,Bronze,45.47,9,06 Jan 2022,Net Banking,4,
100494,43.0,female,50944.9, Mumbai,Bronze,172.4,9,27/03/2020,Debit Card,2,
100342,,Male,92375.69,nan,Silver,134.52,6,18 Aug 2022,Credit Card,2,
100427,48.0,F,61334.05,nan,Bronze,64.22,2,01/11/2019,UPI,3,
100468,61.0,F,84910.79,Bengaluru,nan,60.59,7,07 May 2022,UPI,2,
100107,27.0,Male,66075.05,CHENNAI,Gold,248.42,5,06 Nov 2021,Credit Card,3,
100409,23.0,Female,63265.91,Hyderabad ,Bronze,215.5,8,07 Feb 2021,Debit Card,2,
100024,36.0,Female,66757.35,nan,Gold,191.55,4,04-06-2022,Debit Card,3,
100832,57.0,Male,82485.55,Hyderabad,Gold,139.18,2,01/07/2021,Debit Card,5,
100070,36.0,Female,83452.79, Chennai,Silver,86.83,7,30/09/2021,Net Banking,5,
100901,43.0,male,51449.77,nan,Bronze,149.22,2,30 Oct 2022,UPI,4,
100677,67.0,Male,54727.27,mumbai,Bronze,118.82,9,2021-04-09,Debit Card,1,
100802,25.0,Male,60113.42,Delhi,Bronze,173.81,2,28 Jan 2020,Credit Card,5,
100600,19.0,female,110459.84,Mumbai ,Gold,258.15,8,22/03/2022,COD,3,
100644,40.0,Female,27863.79,hyderabad,Bronze,67.05,8,15 Jun 2022,UPI,4,
100340,45.0,Female,81528.15, Chennai,Bronze,65.27,,03/06/2022,Net Banking,3,
100702,35.0,Male,55712.39,Delhi ,Silver,88.36,6,11-23-2020,Debit Card,3,
100874,39.0,Male,51708.27,MUMBAI,Silver,89.42,8,2019-04-20,COD,1,
100075,40.0,Female,45113.3,Mumbai,Silver,152.67,2,04-16-2019,Credit Card,4,
100219,36.0,nan,75979.66, Chennai,Gold,22.79,9,2021-09-25,Debit Card,1,
100526,33.0,Male,62558.32, Hyderabad,Gold,65.93,8,04 Mar 2021,Debit Card,1,
100266,,Female,64218.02,HYDERABAD,Silver,111.04,8,04-16-2020,Net Banking,1,
100892,31.0,Male,49331.98,Mumbai,Silver,255.09,8,01/10/2019,Credit Card,1,
100111,43.0,Female,72741.17,nan,Platinum,211.08,1,31/10/2020,Debit Card,4,
100436,31.0,nan,70814.66, Bengaluru,Platinum,59.7,7,02/04/2021,Net Banking,2,
100363,50.0,male,,CHENNAI,nan,150.01,9,2020-11-25,Credit Card,3,
100633,33.0,nan,69094.13, Delhi,Bronze,198.09,2,22 May 2021,Credit Card,3,
100186,56.0,Male,71650.65,nan,Bronze,67.34,2,2023-09-24,Debit Card,1,
100287,41.0,Female,69933.66,nan,Bronze,77.72,5,2022-02-11,Credit Card,4,
100583,34.0,MALE,23299.43,delhi,nan,118.36,9,2019-03-07,COD,4,
100900,,Male,28129.05,delhi,Silver,169.85,9,2019-05-16,Credit Card,4,
100460,38.0,Male,34556.01,nan,Silver,14.92,9,10-25-2023,Credit Card,1,
100416,40.0,Male,32823.87,Bengaluru ,Silver,100.57,8,10-22-2022,Credit Card,4,
100062,34.0,F,78189.68,Hyderabad,Bronze,214.66,7,2021-02-13,Debit Card,1,
100348,45.0,nan,109687.72,Hyderabad,Silver,49.66,9,2022-09-15,UPI,3,
100350,56.0,male,73389.3,chennai,Bronze,139.57,8,07-14-2019,Credit Card,2,
100732,39.0,Female,81707.54,nan,Silver,$34.94,3,02/04/2020,Credit Card,2,
100717,19.0,Male,60204.58, Mumbai,Silver,104.05,8,2021-08-08,UPI,4,
100641,20.0,Male,81474.42,bengaluru,Bronze,111.73,7,22/04/2020,Net Banking,5,
100805,53.0,Female,117694.82,MUMBAI,Gold,102.6,6,12 Apr 2020,nan,3,
100738,48.0,F,71045.16,Delhi,Bronze,16.2,9,08 Oct 2021,Debit Card,1,
100330,32.0,Male,55195.56,Mumbai ,Bronze,332.7,5,2022-05-03,Credit Card,1,
100928,43.0,Male,47744.0, Delhi,Gold,66.16,1,,Credit Card,5,
100135,20.0,M,54758.77,chennai,Bronze,46.25,5,2022-11-22,UPI,5,
100788,36.0,male,80002.97,Hyderabad ,Bronze,57.72,8,05 May 2020,Credit Card,5,
100765,42.0,Female,56944.34,DELHI,Bronze,102.71,1,17 Oct 2019,Debit Card,5,
100785,38.0,Male,41048.23,delhi,Platinum,26.62,5,08-14-2023,Credit Card,4,
100058,56.0,Male,69108.21,Mumbai,Silver,250.23,2,05-26-2021,Debit Card,3,
100826,38.0,male,76206.58,Chennai,Bronze,94.8,7,01-23-2022,Net Banking,1,
100929,35.0,Female,81170.95, Bengaluru,Bronze,79.22,2,24/06/2022,Credit Card,5,
100860,46.0,Male,46695.49,Bengaluru,Silver,156.97,4,19 Nov 2022,COD,2,
100787,39.0,Female,71630.83,CHENNAI,Gold,81.92,6,01/01/2021,Debit Card,3,N/A
100292,40.0,Female,67764.1, Chennai,Bronze,173.09,7,2023-01-20,Debit Card,3,
100047,48.0,M,51794.0,DELHI,Bronze,$25.56,7,12-09-2023,UPI,3,
100278,25.0,M,63905.91, Delhi,Bronze,217.62,3,2019-09-23,Debit Card,4,
100842,38.0,Male,56589.83,Bengaluru,Bronze,135.66,9,10/12/2021,Net Banking,4,
100927,36.0,Female,66572.35, Chennai,Silver,31.71,7,2019-10-08,Debit Card,1,
100225,39.0,Female,27873.77, Hyderabad,Platinum,69.64,8,05-29-2023,Debit Card,2,
100531,34.0,Male,69978.27,Hyderabad ,Silver,131.31,5,24/04/2020,Net Banking,2,
100281,44.0,Female,63309.6,Mumbai ,Silver,25.33,9,09-12-2022,Credit Card,4,
100001,42.0,Female,58866.05,chennai,Silver,28.79,8,23 Dec 2021,Debit Card,4,
100818,41.0,male,53466.03,Bengaluru ,Silver,165.82,2,12-26-2019,Credit Card,3,
100496,49.0,M,56189.84, Delhi,Silver,137.95,2,02 Dec 2021,Debit Card,4,
100067,34.0,Male,84931.1, Bengaluru,Gold,57.65,6,24/04/2020,Net Banking,4,
100404,33.0,Male,57906.05,nan,Silver,99.33,6,01 Jul 2022,COD,5,
100564,29.0,Female,61500.64,bengaluru,Bronze,44.7,3,05/10/2019,Credit Card,5,
100482,55.0,male,75822.62,Delhi ,Gold,215.11,6,2020-11-13,Debit Card,5,
100572,37.0,nan,58589.19,Delhi ,Bronze,85.3,6,03-15-2020,UPI,2,
100883,,Male,,CHENNAI,Silver,158.4,9,10/05/2021,Debit Card,4,
100295,35.0,F,80787.33, Bengaluru,Silver,155.33,6,2023-09-24,Credit Card,1,
100620,55.0,Male,48334.75,Delhi,Bronze,37.35,7,21 Feb 2019,Debit Card,3,
100744,24.0,Male,62171.95,BENGALURU,Bronze,26.93,1,04-11-2021,Debit Card,1,
100246,23.0,nan,65225.55,hyderabad,Platinum,164.04,2,2022-04-01,UPI,5,
100258,33.0,male,108717.28,bengaluru,nan,93.9,9,06 Jul 2023,Credit Card,3,
100162,29.0,Female,57439.21,Hyderabad ,Platinum,160.49,9,2020-11-29,crypto,2,
100727,41.0,Male,67912.61,chennai,Bronze,123.46,2,2023-04-21,Credit Card,5,
100606,44.0,M,48683.47, Chennai,Platinum,173.02,5,2023-04-13,UPI,5,
100826,38.0,male,76206.58,Chennai,Bronze,94.8,7,01-23-2022,Net Banking,1,
100437,32.0,Female,57908.25,HYDERABAD,Bronze,79.94,6,30/12/2022,nan,4,
100856,38.0,Female,101843.01,Hyderabad ,Silver,97.66,1,14 Aug 2019,COD,4,
100769,23.0,Male,, Hyderabad,Gold,370.57,3,20/10/2020,Credit Card,-1,
100248,60.0,Male,52014.74, Delhi,Bronze,101.69,3,09-30-2023,Credit Card,5,
100542,28.0,Male,,Hyderabad ,nan,285.99,2,04 Nov 2022,Debit Card,4,
100240,32.0,nan,80807.87,Delhi,Gold,245.4,4,02 Mar 2022,nan,5,
100221,35.0,Female,46378.53,bengaluru,Bronze,183.95,3,02 Feb 2022,UPI,1,
100881,41.0,Male,93618.38,bengaluru,Silver,40.48,5,01/05/2020,Credit Card,4,
100093,33.0,Female,72593.75,CHENNAI,Bronze,70.91,,30/01/2019,Credit Card,4,
100115,39.0,male,80541.46,Hyderabad,Bronze,38.79,8,03-04-2022,UPI,5,
100799,50.0,M,80397.92,Mumbai ,Gold,85.1,6,06 Aug 2023,Debit Card,1,
100378,,Male,95040.59,nan,Platinum,267.31,3,25/06/2021,COD,2,
100077,33.0,female,74958.46,Chennai ,Silver,24.83,8,24/12/2020,UPI,4,
100869,31.0,F,999999999.0,delhi,Gold,68.54,2,07 Jul 2019,nan,1,
100387,43.0,female,71479.81, Mumbai,Bronze,296.31,3,2022-08-12,Debit Card,1,
100133,46.0,Female,5000000.0,Mumbai,Silver,208.61,8,22/05/2021,Debit Card,4,
100864,39.0,Female,74865.36,DELHI,Gold,233.0,4,09-27-2023,COD,3,
100918,44.0,Male,57056.11,delhi,nan,$347.4,6,02-03-2022,UPI,5,
100059,28.0,Female,55438.34,nan,Platinum,98.05,7,13/03/2021,Net Banking,5,
100290,37.0,Male,17454.19,Delhi,Bronze,20.61,7,07/02/2023,Credit Card,4,
100247,25.0,M,63038.53, Delhi,Bronze,57.37,6,08-27-2019,Debit Card,2,
100365,36.0,nan,66693.23,MUMBAI,Bronze,120.32,4,23/06/2021,Net Banking,3,
100872,26.0,M,76607.92,Delhi,Gold,12.26,,16 Jul 2022,Debit Card,5,
100041,47.0,Male,100543.66,nan,Gold,130.27,8,2023-09-01,nan,3,
100090,43.0,Male,36059.91,Mumbai ,Bronze,173.51,5,23 Oct 2022,Credit Card,4,
100193,33.0,Female,77668.43,Mumbai ,Platinum,54.26,9,05-21-2021,Debit Card,3,
100423,31.0,MALE,71175.99,delhi,Bronze,102.2,9,08 Mar 2021,Credit Card,4,
100069,48.0,nan,70891.86,Mumbai ,Bronze,76.39,4,12/02/2019,Credit Card,3,
100662,38.0,female,63886.3,nan,Silver,$308.24,7,03 Jan 2020,Net Banking,4,
100373,48.0,nan,61228.28,DELHI,Bronze,21.19,5,20/10/2020,Credit Card,3,
100140,73.0,Male,72809.1,Mumbai,Silver,86.13,1,2022-05-12,Net Banking,4,
100389,41.0,Female,96426.72,bengaluru,Silver,93.34,4,09 Apr 2019,Debit Card,2,
100833,24.0,Male,45361.8,Delhi ,Gold,231.59,2,15/06/2019,UPI,4,
100119,57.0,Male,74356.4,bengaluru,Silver,56.19,3,16/05/2022,Credit Card,1,
100580,42.0,Female,31417.79,Chennai ,Gold,114.68,5,03-14-2021,Credit Card,2,
100923,39.0,nan,51736.52,Mumbai,Platinum,80.63,8,10-18-2019,Net Banking,3,
100792,23.0,Female,54329.61, Bengaluru,Bronze,246.72,3,30/12/2021,Credit Card,5,
100351,42.0,Female,90155.58, Hyderabad,Bronze,83.38,2,21/05/2022,UPI,2,
100812,31.0,Female,75021.71, Bengaluru,Silver,73.65,5,01 Jun 2021,Credit Card,2,
100435,49.0,F,32050.07,hyderabad,Silver,120.53,4,2022-01-10,UPI,1,
100670,20.0,male,76772.8,Bengaluru ,Bronze,241.91,2,2021-07-10,Credit Card,2,
100932,43.0,Female,85424.45,bengaluru,Gold,28.47,,13/05/2023,UPI,5,
100949,43.0,Female,83243.05,Mumbai,Gold,311.8,7,04-09-2023,Debit Card,1,
100015,44.0,Male,59202.49,Delhi ,Silver,64.36,3,01 Jun 2020,Credit Card,4,
100376,66.0,Male,61472.68,chennai,Gold,47.75,2,05/01/2019,Debit Card,5,
100083,34.0,Female,122148.77,CHENNAI,Silver,75.7,9,20/08/2019,Debit Card,3,
100492,,Female,61907.78,nan,nan,329.83,8,2020-02-15,COD,3,
100698,26.0,Male,64601.97, Mumbai,Silver,97.69,1,2020-03-19,nan,3,
100880,38.0,nan,61897.39,Bengaluru,Bronze,82.85,1,05/02/2020,UPI,1,
100937,24.0,nan,65400.75,Delhi ,Gold,114.96,2,2022-08-06,Credit Card,4,
100089,44.0,Female,,DELHI,Bronze,49.21,3,05-02-2020,Net Banking,3,
100364,25.0,Female,55169.18,Mumbai ,Gold,87.19,5,03-10-2023,Debit Card,1,
100274,63.0,Female,74845.94,bengaluru,Bronze,77.42,7,08 Oct 2021,Net Banking,3,
100173,33.0,Male,72884.75,Hyderabad,Bronze,369.69,5,2020-04-14,Debit Card,2,
100555,37.0,Male,78647.85,Chennai,Gold,35.85,7,01/10/2023,Debit Card,2,
100104,47.0,Male,66129.93,Mumbai,Platinum,35.75,7,13 Feb 2019,COD,3,
100755,59.0,nan,57585.79, Chennai,Silver,156.36,2,15 Jan 2022,Credit Card,4,
100674,22.0,male,93941.17, Hyderabad,Gold,102.85,9,11-22-2020,Credit Card,2,
100372,54.0,Female,, Bengaluru,Silver,183.03,3,11-18-2021,UPI,3,
100046,41.0,Female,64438.34,chennai,Bronze,115.21,4,20/11/2019,UPI,4,
100561,37.0,Female,75843.91, Mumbai,Bronze,205.24,8,08-12-2023,Credit Card,5,
100749,34.0,female,43279.31,Mumbai ,Bronze,258.06,9,2023-08-28,COD,1,
100420,54.0,Male,25783.09,delhi,Silver,126.67,2,17 Nov 2022,Credit Card,2,
100605,30.0,Female,72625.43,chennai,Silver,27.83,5,22/03/2021,Debit Card,1,
100726,56.0,Female,74905.46,Hyderabad,Platinum,156.38,3,2019-08-31,Debit Card,5,
100012,47.0,Female,65620.94,mumbai,nan,355.34,7,2022-01-05,Debit Card,5,
100215,34.0,Female,65346.69,MUMBAI,Bronze,23.37,3,2023-05-18,COD,2,
100345,57.0,female,72326.66,nan,nan,105.92,6,2021-09-27,Credit Card,5,
100701,51.0,nan,93719.56,Bengaluru,Silver,92.46,4,03-26-2019,Debit Card,5,
100721,37.0,Female,,nan,Silver,147.61,2,2020-06-20,UPI,3,
100148,36.0,Female,69301.96, Chennai,Silver,141.96,4,2020-10-04,Debit Card,5,
100300,42.0,Female,73327.36,Chennai,Silver,55.79,3,2022-07-08,Net Banking,1,
100284,43.0,Male,85675.72,Delhi,Platinum,137.86,5,12 Mar 2021,Credit Card,5,
100746,49.0,Female,67298.68, Bengaluru,Silver,123.28,1,28/03/2022,Credit Card,4,
100413,,Female,54659.72,Mumbai ,Bronze,173.08,2,20 May 2021,COD,1,
100630,24.0,Female,54124.34,HYDERABAD,Bronze,117.93,1,04-09-2020,Debit Card,2,
100796,37.0,nan,28572.99,HYDERABAD,Bronze,194.88,4,2020-05-19,Credit Card,3,
100742,52.0,Female,63504.62,Chennai,Gold,95.28,3,2023-11-11,Debit Card,2,
100887,53.0,male,67523.3, Bengaluru,Gold,95.35,2,17 Apr 2021,Credit Card,5,
100736,40.0,M,73006.2,nan,Gold,82.67,8,08-04-2020,Debit Card,4,
100174,23.0,Male,50610.37, Chennai,Gold,16.69,6,08-31-2020,Credit Card,2,
100433,36.0,Female,51048.86,BENGALURU,Silver,80.58,1,16/05/2021,UPI,1,
100169,36.0,Male,90182.3, Mumbai,Silver,201.19,5,2020-01-30,Debit Card,3,
100227,68.0,Female,65281.44,Bengaluru,Bronze,41.04,1,15 May 2019,Credit Card,5,
100306,25.0,nan,,BENGALURU,Silver,127.18,3,27/12/2023,UPI,3,
100032,33.0,female,73680.2, Bengaluru,Gold,36.62,1,2023-07-12,COD,1,
100720,26.0,female,39410.06,nan,Silver,131.81,2,11/09/2020,Debit Card,1,
100484,45.0,Male,56789.32,Hyderabad,Platinum,$41.1,5,03/11/2020,Credit Card,5,
100767,39.0,Female,60296.99,Mumbai ,Silver,40.64,4,27/03/2021,Credit Card,4,
100286,32.0,female,71639.91,Bengaluru,Platinum,16.17,6,2020-11-08,Credit Card,5,
100919,54.0,M,58351.15, Chennai,Silver,89.73,9,06/10/2023,Credit Card,5,
100483,39.0,Female,48448.32, Chennai,Bronze,69.49,4,11 Jan 2021,Credit Card,2,
100914,31.0,Male,64961.63,Delhi,Silver,70.97,1,09/10/2023,Debit Card,1,
100645,34.0,male,51420.41,delhi,nan,348.42,6,15/03/2021,nan,1,
100117,41.0,Male,55640.47,Mumbai,Platinum,78.83,2,2020-10-23,Credit Card,1,
100619,31.0,Male,77483.69,BENGALURU,Silver,34.64,9,08-24-2021,COD,5,
100653,58.0,F,69229.2,Hyderabad,Bronze,38.37,3,2020-07-15,UPI,1,
100705,51.0,M,72309.75,Delhi,Bronze,216.31,7,11-01-2023,UPI,1,
100096,21.0,F,84291.01,HYDERABAD,Silver,210.87,7,09-19-2022,COD,4,
100262,35.0,M,39261.85,BENGALURU,Bronze,85.33,9,02-03-2019,Credit Card,3,
100636,35.0,nan,45143.06,Delhi,Silver,62.6,3,2019-01-08,nan,3,
100593,60.0,Female,98647.67,Mumbai,Bronze,207.19,7,09 Feb 2020,UPI,5,
100575,40.0,male,55257.73,BENGALURU,Bronze,62.95,9,08-26-2021,nan,3,
100720,26.0,female,39410.06,nan,Silver,131.81,2,11/09/2020,Debit Card,1,
100103,34.0,female,59768.76,Chennai ,Silver,51.37,4,2021-05-07,UPI,5,
100063,40.0,F,57061.72, Bengaluru,Silver,106.33,6,10-30-2020,Credit Card,2,
100205,19.0,nan,66033.97,Hyderabad ,Gold,86.3,3,31 Jul 2020,UPI,5,
100664,34.0,Female,87804.19,nan,Silver,39.37,7,07-13-2022,Net Banking,5,
100687,,MALE,45989.28,HYDERABAD,Silver,95.2,2,02-08-2019,nan,1,
100185,43.0,Male,77019.19,Chennai ,Platinum,83.93,1,04-22-2021,UPI,3,
100679,43.0,F,112853.53,hyderabad,Platinum,87.29,3,02 Aug 2023,UPI,1,
100734,36.0,M,69217.29,Bengaluru,Platinum,196.77,2,2021-10-08,Credit Card,4,
100092,37.0,Male,70457.25,nan,Platinum,99.95,8,2019-07-17,UPI,2,
100943,44.0,Male,20299.29, Mumbai,nan,140.01,,23/07/2020,Debit Card,4,
100709,35.0,M,, Chennai,Silver,316.55,9,27 May 2023,crypto,2,
100737,47.0,Male,7769.63,Chennai ,Bronze,198.05,1,19 Jan 2019,Credit Card,2,
100837,34.0,female,26688.7, Hyderabad,Bronze,57.75,8,2020-07-20,Net Banking,1,
100731,43.0,M,42759.11, Hyderabad,Platinum,108.23,3,2022-01-08,UPI,2,
100412,22.0,nan,34342.7,Chennai,Gold,133.67,8,03-16-2019,COD,2,
100347,31.0,female,73099.65,Chennai ,Platinum,162.29,3,13/08/2020,Credit Card,2,
100481,41.0,Male,56936.75,Chennai,Gold,53.55,6,26/04/2022,Credit Card,4,
100815,30.0,Female,66889.4, Mumbai,Bronze,106.16,8,21/12/2022,Net Banking,1,
100030,43.0,Female,55960.98,MUMBAI,Silver,87.27,4,2019-03-12,Debit Card,1,
100055,32.0,F,35563.75, Bengaluru,Platinum,131.54,7,26 Mar 2021,Debit Card,1,
100488,43.0,Female,28152.31, Chennai,Bronze,164.72,5,02-12-2021,Credit Card,3,
100040,46.0,male,39709.16,nan,Silver,51.16,6,11-25-2019,Credit Card,5,
100158,50.0,F,73445.78,Chennai ,Silver,$279.91,3,25 Nov 2022,UPI,1,
100895,34.0,M,39852.35,nan,Silver,64.05,5,02/12/2022,COD,4,
100147,31.0,M,67150.68,chennai,Gold,65.44,8,14/09/2021,COD,3,
100222,41.0,Female,,Bengaluru ,Silver,59.29,4,08/04/2023,Credit Card,4,
100685,,F,53281.64,nan,Silver,265.58,2,10-24-2020,Debit Card,2,
100773,,male,29472.65,Chennai,Silver,95.61,9,2020-08-31,nan,5,
100603,53.0,Male,68658.29,Mumbai,Gold,49.6,6,2021-11-05,Net Banking,5,
100801,28.0,nan,76534.17,Mumbai ,Bronze,187.24,3,08 Apr 2021,Credit Card,4,
100395,46.0,male,94601.98, Mumbai,Silver,91.92,2,03/06/2019,Net Banking,4,
100053,21.0,Male,63604.02,hyderabad,Silver,121.24,8,18/11/2020,Debit Card,2,
100623,41.0,M,79259.95,Delhi,Platinum,358.66,7,09 Apr 2021,Debit Card,3,
100675,48.0,Male,61871.57,Hyderabad ,Bronze,12.41,4,04-14-2023,Net Banking,2,
100360,36.0,Female,46957.78, Bengaluru,Bronze,300.24,8,07-04-2023,UPI,2,
100505,23.0,Female,65729.62,Hyderabad ,Silver,190.29,4,18 Oct 2023,Credit Card,1,
100403,48.0,male,96858.24,CHENNAI,Bronze,11.38,,08 Nov 2023,Debit Card,4,
100771,59.0,Male,77951.48,Bengaluru ,Silver,111.52,6,01-21-2021,nan,5,
100422,28.0,Female,31802.24,BENGALURU,Gold,62.86,2,17 Sep 2019,Debit Card,2,
100449,51.0,MALE,18458.0,nan,Bronze,112.19,2,29 Dec 2022,Debit Card,2,
100166,27.0,M,69978.68,Delhi,Bronze,284.71,3,07-22-2019,UPI,2,
100285,25.0,male,41350.99,Delhi,Bronze,152.49,7,12/03/2019,Debit Card,3,
100081,43.0,male,40505.9,nan,Bronze,62.37,6,05 May 2021,COD,3,
100228,61.0,Female,60697.02, Mumbai,Silver,$124.94,3,19/06/2020,Debit Card,4,
100448,34.0,male,77324.71,DELHI,Silver,101.3,7,14/11/2019,Credit Card,1,
100354,48.0,nan,17332.23,nan,Platinum,130.29,9,31 Jan 2021,Net Banking,2,
100311,52.0,F,65267.11,Delhi,Gold,$237.72,8,02-01-2021,Net Banking,2,
100728,47.0,F,72864.6,hyderabad,Gold,229.11,4,10/12/2021,Debit Card,1,
100260,22.0,female,,nan,nan,144.36,2,21 Feb 2019,nan,1,
100324,47.0,Male,88298.89, Delhi,Bronze,122.33,9,2023-06-25,UPI,5,
100010,28.0,Female,68412.5,bengaluru,Bronze,53.06,,02/02/2021,UPI,3,
100680,36.0,M,,nan,nan,28.43,6,26 Mar 2023,Credit Card,2,
100530,57.0,F,76061.54,hyderabad,Gold,173.69,6,16/02/2021,Credit Card,1,
100031,64.0,Male,51682.45,Chennai ,Silver,149.89,7,2021-12-15,Debit Card,1,
100790,36.0,nan,51110.7,Hyderabad,Silver,40.72,1,08 May 2019,Debit Card,1,
100180,,Male,63729.83,delhi,Gold,38.94,8,02-10-2023,COD,4,
100028,42.0,Male,54383.56,bengaluru,Silver,138.23,6,2021-11-10,Net Banking,3,
100034,28.0,Male,36904.17,hyderabad,Bronze,155.57,6,10-05-2023,Debit Card,1,
100335,38.0,Female,55135.56,Hyderabad,Bronze,60.31,6,2023-05-15,COD,2,
100362,43.0,Male,70215.09,Bengaluru,Gold,166.63,3,03-31-2019,UPI,3,
100294,20.0,Male,, Delhi,Platinum,246.79,3,29 Jan 2022,Credit Card,1,
100783,60.0,Female,67277.5,Delhi ,Silver,166.96,2,21 Jul 2020,Credit Card,1,
100348,45.0,nan,109687.72,Hyderabad,Silver,49.66,9,2022-09-15,UPI,3,
100006,22.0,M,27136.58,Bengaluru ,Silver,115.24,9,2020-03-13,Debit Card,1,
100198,33.0,nan,50232.47,nan,Bronze,133.09,3,28/08/2021,Credit Card,2,
100791,29.0,Male,32660.81,Bengaluru ,Bronze,20.28,4,,Debit Card,3,
100393,200.0,nan,74606.69,Delhi,Gold,55.87,6,03/09/2022,UPI,3,
100544,36.0,Female,67474.8,CHENNAI,Silver,$146.73,2,09 Mar 2021,UPI,2,
100789,25.0,female,82439.51,Mumbai ,Gold,187.49,3,2022-07-30,crypto,4,
100632,69.0,male,63243.29,delhi,Silver,140.46,6,05-28-2020,Debit Card,3,
100866,48.0,M,76086.6,Bengaluru,Bronze,73.9,4,13 May 2020,Debit Card,2,
100511,19.0,male,47375.23, Delhi,Silver,150.94,8,08-15-2023,Debit Card,1,
100123,41.0,Male,81375.28,nan,Silver,135.75,5,02-26-2019,Credit Card,2,
100379,57.0,Male,79989.14, Hyderabad,Bronze,63.05,3,06 Dec 2022,COD,1,
100039,28.0,Male,77513.51,nan,Platinum,65.29,5,2019-01-18,Credit Card,3,
100547,40.0,male,93719.88,nan,Bronze,82.37,2,11-01-2021,UPI,1,
100524,36.0,Male,86813.2, Mumbai,Gold,114.39,5,30/04/2022,Credit Card,4,
100163,64.0,nan,71481.78,bengaluru,Silver,57.77,8,01 Jul 2023,Debit Card,2,
100068,32.0,male,45126.04,mumbai,Platinum,25000.0,3,31/07/2023,Credit Card,2,
100125,48.0,Female,80693.77,CHENNAI,Bronze,41.5,9,25 Aug 2019,COD,4,
100005,20.0,female,80397.14, Delhi,Bronze,224.78,7,2021-09-06,COD,4,
100835,29.0,M,67174.04,CHENNAI,Platinum,113.17,9,29/09/2022,Debit Card,5,
100760,43.0,Male,41607.8,BENGALURU,Silver,361.38,3,2019-09-25,Credit Card,1,
100428,59.0,male,52115.83,nan,Bronze,73.38,6,12-15-2023,Credit Card,4,
100485,37.0,Male,66791.86,Hyderabad ,Bronze,399.54,5,24/03/2019,Debit Card,1,
100554,62.0,Male,102860.98,nan,Bronze,20.64,1,2023-04-13,Debit Card,4,
100507,67.0,Female,69234.28,nan,Bronze,61.33,8,03-20-2019,Net Banking,3,
100568,30.0,F,77288.8, Mumbai,Silver,332.5,2,10/03/2021,UPI,3,
100400,30.0,F,42986.77,Hyderabad,Gold,134.51,7,12-03-2020,UPI,3,
100803,42.0,Female,61724.72,DELHI,Silver,154.95,1,22/03/2019,Net Banking,2,
100353,31.0,MALE,65234.33,nan,Bronze,96.67,9,2023-12-07,Debit Card,4,
100840,34.0,Female,52313.38, Chennai,Platinum,12.67,9,12-03-2019,UPI,2,
100849,30.0,Male,81863.49,Mumbai,Gold,218.5,1,12-29-2023,Credit Card,2,
100261,35.0,Female,43448.77,nan,Platinum,62.32,3,27 Jul 2022,Credit Card,5,
100334,26.0,Female,72387.16,Mumbai,Platinum,173.82,9,2021-01-05,UPI,1,
100154,32.0,Male,64439.64,nan,Silver,61.39,5,12 Dec 2019,COD,3,
100397,47.0,Male,57244.24,hyderabad,Gold,452.92,4,06 May 2021,COD,4,
100502,49.0,Male,71554.93,Delhi,Gold,36.33,7,07-23-2019,Debit Card,3,
100374,48.0,nan,81234.71, Chennai,Silver,214.88,7,08-01-2019,UPI,3,
100313,,M,70539.17,bengaluru,Platinum,307.3,4,03-02-2021,COD,2,
100043,30.0,nan,64796.08,nan,nan,16.96,7,05-16-2020,Credit Card,5,
100759,46.0,male,39711.39,Hyderabad ,nan,132.7,2,14 Mar 2021,UPI,2,
100523,54.0,Female,49760.17,Delhi ,Platinum,114.37,6,09-10-2020,crypto,4,
100651,60.0,Female,,mumbai,Platinum,186.22,8,21/05/2022,Net Banking,5,
100847,76.0,MALE,80597.39,DELHI,Gold,234.3,8,14/12/2023,Debit Card,4,
100624,31.0,Female,32836.28,Hyderabad ,Bronze,358.0,8,28 Oct 2021,COD,1,
100683,53.0,Female,48463.82,bengaluru,Gold,181.16,2,02 Dec 2023,UPI,2,
100635,34.0,MALE,47050.14,chennai,Bronze,76.91,9,19 Jun 2020,Debit Card,3,
100751,38.0,male,,MUMBAI,Silver,19.69,8,28 Feb 2021,UPI,1,
100756,52.0,Female,46903.85, Bengaluru,Silver,41.45,9,01-13-2020,Credit Card,2,
100781,37.0,Female,57127.25,Bengaluru ,nan,81.64,7,2020-09-07,Credit Card,2,
100591,23.0,Male,65921.16,Chennai,Silver,46.73,1,2022-04-14,Credit Card,1,
100446,20.0,Male,50100.34,HYDERABAD,Silver,203.67,5,12-16-2023,Credit Card,2,
100273,37.0,female,83851.87,Hyderabad ,Platinum,186.86,7,01-18-2021,Credit Card,5,
100878,35.0,Male,999999999.0, Chennai,Silver,174.11,2,27 Jun 2020,Debit Card,3,
100520,58.0,nan,81306.32,hyderabad,Bronze,59.94,2,04-25-2021,Credit Card,2,
100378,,Male,95040.59,nan,Platinum,267.31,3,25/06/2021,COD,2,
100499,22.0,male,65322.59,nan,Gold,13.41,3,2022-05-09,Debit Card,4,
100879,37.0,female,84519.68,nan,Silver,59.77,5,24/10/2020,COD,4,
100931,38.0,Female,36869.99,delhi,Gold,50.67,6,02-28-2021,Credit Card,3,
100948,23.0,Female,44604.8, Mumbai,Gold,153.61,3,12-20-2020,Credit Card,3,
100098,26.0,Male,75613.88,nan,Gold,87.39,4,2020-08-29,Debit Card,4,
100129,30.0,female,95869.86, Delhi,Platinum,24.91,4,07-16-2020,Credit Card,1,
100545,35.0,Male,53269.69,nan,Bronze,104.58,4,2021-02-15,UPI,4,
100380,33.0,M,78030.81,BENGALURU,Silver,62.35,7,29 Sep 2023,Debit Card,1,
100204,46.0,Female,71700.85,CHENNAI,Gold,128.34,9,2019-01-14,UPI,2,
100344,43.0,F,74922.41,HYDERABAD,Gold,71.65,4,2023-03-22,Credit Card,1,
100889,21.0,MALE,,chennai,nan,106.45,3,11/02/2021,Debit Card,4,
100809,34.0,MALE,44782.62,chennai,Silver,77.08,7,2019-12-05,Debit Card,2,
100519,49.0,M,64955.0, Mumbai,Bronze,67.99,9,25 Apr 2022,Debit Card,4,
100780,22.0,M,72829.92,Delhi ,Silver,99.23,2,2022-08-04,Debit Card,2,
100489,28.0,Male,26668.05,Mumbai ,Silver,77.8,1,07-20-2021,COD,3,
100238,36.0,Male,77216.9,chennai,Silver,268.81,9,08/03/2019,Debit Card,3,
100550,46.0,Male,60695.11,Mumbai ,Bronze,92.21,2,2019-04-14,UPI,4,
100401,36.0,Female,60231.27,BENGALURU,Gold,196.15,3,21 Nov 2023,crypto,1,
100571,21.0,Female,73154.57,Mumbai ,Platinum,137.86,7,05 Feb 2022,Net Banking,3,
100233,42.0,male,77095.83,chennai,Gold,108.15,2,2019-06-09,Debit Card,2,
100443,42.0,Male,36172.98,bengaluru,Platinum,132.68,2,08 Mar 2022,Credit Card,5,
100099,43.0,Male,61079.91,Mumbai,Platinum,13.5,9,11/08/2022,Debit Card,2,
100876,18.0,Female,53645.56,Bengaluru,Bronze,57.79,5,2020-10-18,Debit Card,2,
100848,48.0,Female,80057.44,Chennai ,Bronze,79.15,5,03-21-2019,nan,3,
100512,34.0,female,69348.81,nan,Platinum,$200.3,6,03-18-2022,Debit Card,1,
100613,21.0,female,71796.17, Bengaluru,Silver,82.96,6,10/08/2023,Debit Card,5,
100218,54.0,M,105218.52,nan,nan,41.48,2,29/06/2020,Debit Card,5,
100361,36.0,Male,33949.85,Chennai ,Silver,128.49,4,2023-10-11,Net Banking,3,
100559,23.0,Female,54160.33,MUMBAI,Gold,228.02,,11 Nov 2020,Debit Card,1,
100920,19.0,nan,48648.83,nan,Silver,148.75,6,2023-02-21,Debit Card,4,
100611,26.0,male,84359.98,nan,Silver,156.24,7,2021-12-11,Debit Card,5,
100226,41.0,F,61393.86, Delhi,Gold,22.26,1,27 Jul 2023,UPI,2,
100019,49.0,nan,37795.13,Delhi ,Gold,45.26,2,14 Feb 2022,Credit Card,1,
100169,36.0,Male,90182.3, Mumbai,Silver,201.19,5,2020-01-30,Debit Card,3,
100293,56.0,F,61100.4,Chennai ,Silver,64.02,1,03/02/2020,Debit Card,4,
100608,43.0,Male,90326.09,nan,Bronze,179.12,,05-02-2020,Debit Card,2,
100398,,Female,47336.01, Mumbai,Bronze,25000.0,7,04-27-2019,Net Banking,2,
100541,18.0,nan,99135.35, Mumbai,Bronze,166.41,2,10-04-2022,crypto,2,
100329,24.0,female,58877.62,nan,nan,176.49,1,2019-07-01,UPI,3,
100863,37.0,Male,45086.2,DELHI,Gold,140.18,5,08-30-2021,Credit Card,1,
100668,44.0,Male,78285.85,nan,Platinum,161.37,2,21 Jun 2020,Debit Card,5,
100094,37.0,male,58819.55, Hyderabad,Bronze,65.44,8,2023-06-29,UPI,5,
100214,32.0,M,30189.94, Mumbai,Silver,142.68,4,05-31-2022,Debit Card,3,
100338,42.0,Female,90820.58,delhi,Silver,37.08,7,2020-06-20,UPI,1,
100426,34.0,female,56161.8, Hyderabad,Bronze,119.03,5,10/02/2021,Credit Card,1,
100804,43.0,female,56448.71,bengaluru,Platinum,229.97,1,07 Jul 2022,nan,5,
100116,32.0,Male,63094.28,chennai,Silver,41.83,8,04/09/2022,Net Banking,1,
100159,32.0,Male,86369.24,chennai,Bronze,100.17,6,13 Jun 2022,COD,5,
100935,,female,65823.6,chennai,Bronze,175.8,5,2022-11-29,Net Banking,3,
100113,31.0,Male,68168.96,HYDERABAD,Silver,80.32,7,01/12/2023,Net Banking,3,
100037,,male,42781.38,Delhi ,Platinum,367.96,8,05-29-2022,Net Banking,3,
100106,36.0,male,64310.5,chennai,Gold,15.15,9,04 Jul 2021,UPI,4,
100363,50.0,male,,CHENNAI,nan,150.01,9,2020-11-25,Credit Card,3,
100366,56.0,M,120348.72,Bengaluru ,Silver,61.51,6,2021-07-17,COD,1,N/A
100442,42.0,Female,30944.43,nan,Platinum,183.33,1,28/02/2022,UPI,3,
100566,47.0,female,47693.14,Delhi,Gold,71.53,2,10/04/2022,UPI,4,
100352,48.0,Female,87805.07,Bengaluru,Gold,54.0,3,09/09/2019,Debit Card,2,
100862,21.0,F,84409.96,nan,Bronze,99.43,4,2023-11-07,UPI,7,
100250,24.0,F,66853.59,nan,Silver,146.58,5,19 May 2019,nan,1,
100853,49.0,M,44375.96,Bengaluru,Bronze,21.34,6,2021-04-21,UPI,2,
100797,50.0,nan,100052.95,Hyderabad,Silver,230.37,7,2019-08-06,Net Banking,5,
100407,37.0,Male,51019.56,nan,Silver,71.38,1,18/03/2023,COD,3,
100854,38.0,nan,65183.46,DELHI,Bronze,162.4,2,2021-09-16,Debit Card,4,
100165,48.0,Male,57969.51,HYDERABAD,Bronze,95.93,6,2022-07-01,Credit Card,4,
100877,38.0,Female,52583.57, Hyderabad,Gold,-100.0,7,12-16-2022,Credit Card,1,
100862,21.0,F,84409.96,nan,Bronze,99.43,4,2023-11-07,UPI,7,
100829,53.0,Female,52128.78,delhi,Platinum,36.91,,01/07/2022,Debit Card,1,
100084,33.0,MALE,72329.02,HYDERABAD,Silver,103.9,2,2019-02-09,Credit Card,4,
100699,27.0,Male,51885.13,Mumbai,Gold,56.94,6,10/06/2023,Debit Card,3,
100296,40.0,Female,77169.03,Hyderabad ,Silver,81.27,5,09/06/2023,Credit Card,1,
100071,23.0,Female,78200.75, Mumbai,Gold,197.84,9,05/11/2019,UPI,5,
100611,26.0,male,84359.98,nan,Silver,156.24,7,2021-12-11,Debit Card,5,
100665,37 yrs,nan,89148.5, Hyderabad,Silver,123.88,1,22 May 2019,UPI,3,
100924,31.0,Male,51755.1,chennai,Silver,177.84,7,2020-10-22,Debit Card,1,
100014,52.0,Female,49280.47,Delhi,Silver,24.01,5,10-11-2023,Net Banking,1,
100903,36.0,Female,27099.08,HYDERABAD,Platinum,60.73,9,23/04/2023,COD,1,
100725,27.0,male,84086.97, Delhi,Silver,150.3,6,12-14-2022,UPI,4,
100128,24.0,nan,28837.12,Chennai,Gold,41.86,1,21 Sep 2021,Credit Card,3,
100841,61.0,Female,57711.43, Bengaluru,Silver,15000.0,9,18 Mar 2023,Net Banking,4,
100002,26.0,F,67093.8, Bengaluru,Platinum,37.2,9,05-12-2021,Credit Card,3,
100898,28.0,Male,66291.79,nan,Platinum,106.14,3,12-01-2021,Credit Card,3,
100540,29.0,Male,52970.78,Hyderabad ,Bronze,104.13,3,2023-02-25,Debit Card,4,
100602,31.0,Male,, Mumbai,nan,78.32,6,09 Jun 2020,nan,3,
100309,45.0,nan,25317.14, Bengaluru,Gold,219.68,8,06 Mar 2019,Debit Card,5,
100586,62.0,Male,23015.87, Hyderabad,Silver,182.97,3,2021-07-15,nan,3,
100411,20.0,Female,,Hyderabad ,Bronze,20.4,,2023-11-18,Net Banking,5,
100172,43.0,Female,119079.7,hyderabad,nan,359.44,2,25 Mar 2019,Net Banking,2,
100418,54.0,Male,, Mumbai,Bronze,80.89,9,18 Dec 2022,Credit Card,1,
100764,46.0,Female,64487.22,delhi,Silver,129.41,2,05 Dec 2019,Debit Card,4,
100936,45.0,Female,87851.78,MUMBAI,Silver,223.47,2,11-25-2023,UPI,2,
100604,30.0,female,63535.63, Mumbai,Gold,372.95,5,21/01/2023,UPI,3,
100461,42.0,Female,85551.62,Hyderabad,Silver,53.14,6,01-11-2020,Net Banking,5,
100867,22.0,male,69613.45,BENGALURU,Bronze,54.72,,2021-04-10,COD,4,
100638,25.0,M,81543.46,Bengaluru ,Bronze,81.03,6,20 Aug 2022,Credit Card,2,
100424,20.0,Female,47250.72,BENGALURU,Silver,76.67,6,02/10/2021,UPI,4,
100316,34.0,Male,78949.77,Hyderabad,nan,156.56,6,2023-12-04,Credit Card,5,
100377,36.0,Male,,nan,Bronze,133.12,5,06-28-2022,Net Banking,5,
100525,55.0,Male,109212.82,DELHI,Silver,30.03,9,2019-01-15,Credit Card,4,
100868,33.0,female,88926.79, Bengaluru,Silver,265.14,9,02-23-2019,COD,5,
100439,30.0,female,54285.7, Delhi,Silver,41.04,5,10/05/2021,Credit Card,1,
100740,21.0,F,63987.44,MUMBAI,Bronze,106.18,5,18/04/2022,Debit Card,4,
100151,36.0,Female,65884.34,nan,Silver,101.01,6,2023-09-04,Credit Card,4,
100858,,Female,31712.87,BENGALURU,Bronze,81.3,9,29 Mar 2022,Credit Card,5,
100557,29.0,female,57571.65,mumbai,Gold,14.47,3,2023-07-04,UPI,4,
100820,24.0,Female,94591.81,Delhi,Gold,16.73,3,2020-03-18,UPI,1,
100808,23.0,nan,74309.94,Hyderabad,Silver,175.7,9,03-13-2023,nan,5,
100410,22.0,Female,59525.92,Delhi ,Silver,22.57,6,08-22-2021,UPI,4,
100144,41.0,Female,74787.68, Bengaluru,Silver,54.58,9,2019-02-05,UPI,5,
100527,55.0,nan,21149.13,mumbai,Gold,235.7,9,07 Nov 2020,COD,4,
100859,21.0,Male,114878.54, Hyderabad,Bronze,57.22,4,03-31-2019,Net Banking,1,
100864,39.0,Female,74865.36,DELHI,Gold,233.0,4,09-27-2023,COD,3,
100828,37.0,Male,76467.25,Chennai,Gold,200.47,9,13 Mar 2019,Debit Card,3,
100209,27.0,Male,57531.82,CHENNAI,Bronze,83.18,9,05 May 2022,UPI,2,
100441,36.0,male,96513.55,Chennai,Silver,113.48,5,02-09-2021,UPI,2,
100132,21.0,F,50723.61, Delhi,Silver,144.86,3,06-28-2022,Debit Card,2,
100381,39.0,MALE,77432.03,BENGALURU,Silver,86.18,8,2021-10-06,Net Banking,4,
100175,23.0,female,51114.72,Hyderabad ,Silver,56.61,2,27/08/2022,Debit Card,2,
100534,,Male,89354.5,nan,Silver,102.0,1,14 May 2020,Credit Card,3,
100271,29.0,Male,,delhi,Silver,125.72,9,01 Jul 2023,COD,1,
100408,48.0,Female,65852.62,Chennai,Platinum,163.74,9,10/02/2020,Debit Card,3,
100870,37.0,Male,61642.52,MUMBAI,Silver,152.57,1,2020-08-24,Debit Card,1,
100124,54.0,F,66891.85, Bengaluru,nan,181.1,1,01 Dec 2021,Credit Card,2,
100139,62.0,Male,69227.73,Mumbai ,Gold,81.18,5,01/05/2021,UPI,2,
100052,46.0,male,67598.6,nan,Silver,72.99,6,21/04/2021,UPI,2,
100625,44.0,male,48545.96,nan,Gold,49.35,5,2023-03-12,UPI,3,
100276,43.0,female,33356.66,DELHI,Silver,56.71,7,11-19-2020,Credit Card,3,
100061,18.0,Female,55130.64,mumbai,Gold,94.12,1,2020-10-10,Credit Card,3,
100343,39.0,female,66118.79,Chennai,Bronze,21.83,7,28/09/2023,Credit Card,3,
100257,,Male,76585.64,Chennai,Silver,$109.69,5,05/09/2021,COD,2,
100183,33.0,MALE,43488.55,chennai,Silver,191.55,2,2020-01-03,Net Banking,4,
100618,,Female,71188.26,DELHI,Silver,158.64,9,2019-08-08,Debit Card,2,
100301,59.0,Male,43191.05,Chennai ,Gold,199.97,8,27/07/2021,UPI,2,
100691,,Male,50998.32,Mumbai,Bronze,198.43,5,01-05-2023,UPI,5,
100766,19.0,nan,46111.54,delhi,Gold,75.49,8,2023-11-01,Net Banking,1,
100241,27.0,M,84591.71,HYDERABAD,Platinum,41.57,1,31 Aug 2019,Credit Card,5,
100231,20.0,Male,61462.82,Chennai,Bronze,142.01,4,07 Apr 2019,Debit Card,4,
100916,,Female,75230.27, Delhi,Gold,87.25,9,09/12/2019,Credit Card,4,
100327,19.0,Male,49999.97,nan,Gold,161.46,7,19 Apr 2019,UPI,3,
100459,42.0,F,101441.1,Mumbai ,Platinum,146.0,9,10-19-2021,COD,1,
100682,46.0,Female,90731.8,BENGALURU,Gold,68.69,2,13 Sep 2021,Credit Card,1,
100663,27.0,Male,,hyderabad,Bronze,18.63,2,2021-08-18,Credit Card,1,
100763,47.0,nan,55753.21,CHENNAI,Silver,217.74,6,19 Nov 2021,nan,4,
100466,32.0,Male,45337.96,bengaluru,Bronze,127.05,4,25 Dec 2023,Credit Card,2,
100164,28.0,Male,49023.89, Chennai,Gold,59.03,1,11 Nov 2019,Credit Card,3,
100168,43.0,F,71381.9,Mumbai ,Silver,13.43,2,06-09-2019,UPI,1,
100146,33.0,female,66253.97,BENGALURU,Bronze,76.68,-1,18/04/2019,Debit Card,1,
100207,28.0,Female,75154.57, Mumbai,Bronze,178.17,5,11-03-2021,UPI,2,
100501,54.0,Male,56335.35,BENGALURU,Silver,72.66,8,2020-01-23,Debit Card,4,
100189,22.0,Male,, Mumbai,Silver,40.8,5,2020-01-22,Credit Card,2,
100325,60.0,nan,83554.85,delhi,Silver,46.08,6,02-19-2021,Debit Card,1,
100658,40.0,M,48664.14,delhi,Silver,65.2,6,2020-01-01,Credit Card,1,
100741,50.0,Male,79130.65, Mumbai,Bronze,307.81,7,10-27-2020,nan,5,
100831,43.0,F,84396.09,nan,Bronze,96.88,4,2023-06-26,Credit Card,4,
100851,34.0,F,70978.36,Hyderabad ,Gold,33.94,3,2023-03-24,COD,2,
100298,34.0,Male,28073.26,hyderabad,Silver,86.81,4,06-30-2020,UPI,2,
100896,51.0,Female,75202.77,MUMBAI,Bronze,128.62,4,11/04/2022,Debit Card,4,
100576,21.0,Male,58762.17,nan,Platinum,52.41,4,24/12/2020,Credit Card,1,
100080,34.0,Female,80337.35,delhi,Silver,21.29,1,02-05-2019,Debit Card,3,
100810,41.0,male,95090.13,Delhi ,Silver,98.33,6,11-26-2021,Debit Card,5,
100688,56.0,female,61401.2,Hyderabad ,Platinum,253.92,8,02 Jul 2021,Debit Card,3,
100940,48.0,MALE,55300.21,nan,Platinum,12.98,5,03/04/2019,Debit Card,4,
100845,40.0,Male,54294.89,Bengaluru ,Silver,117.14,1,2023-04-16,COD,3,
100230,35.0,Female,54209.3, Bengaluru,nan,190.39,1,08/08/2019,Credit Card,5,
100724,20.0,Male,92982.73,Hyderabad ,Bronze,196.13,4,2019-02-25,Debit Card,2,
100913,45.0,male,87816.26,Mumbai ,nan,54.01,8,02/07/2021,UPI,2,
100101,33.0,female,36861.72,bengaluru,Gold,95.97,5,09-17-2021,crypto,2,
100291,35.0,Female,49304.42, Hyderabad,Bronze,$37.29,9,09 Feb 2019,Debit Card,1,
100445,34.0,Male,92135.26, Hyderabad,Silver,99.39,3,08-28-2021,crypto,5,
100947,42.0,Male,101619.09,Delhi ,Gold,$76.49,2,05-16-2022,Credit Card,7,
100054,34.0,MALE,38330.51,Bengaluru ,Platinum,164.58,1,07 Dec 2020,Debit Card,5,
100392,39.0,Female,57954.7,CHENNAI,Silver,$189.69,8,10/07/2022,Net Banking,1,
100483,39.0,Female,48448.32, Chennai,Bronze,69.49,4,11 Jan 2021,Credit Card,2,
100741,50.0,Male,79130.65, Mumbai,Bronze,307.81,7,10-27-2020,nan,5,
100667,19.0,male,60720.94,Hyderabad ,Silver,284.4,7,01-03-2020,Debit Card,2,
100252,42.0,Male,66719.87,mumbai,Bronze,125.42,8,10-17-2020,Credit Card,1,
100500,20.0,Female,55779.47,nan,Bronze,194.96,7,02-24-2023,UPI,5,
100476,34.0,Male,57477.92,Chennai ,Silver,239.72,3,03/03/2023,Net Banking,1,
100671,47.0,MALE,63241.87,Bengaluru,Silver,77.63,2,07-30-2023,Credit Card,3,
100272,42.0,M,37126.55,Hyderabad,Platinum,59.03,6,12-13-2022,Credit Card,4,
100045,39.0,Male,68185.96,CHENNAI,Bronze,76.07,9,2020-09-11,COD,3,
100114,21.0,Male,85448.14,bengaluru,Gold,105.75,5,29/08/2021,Net Banking,3,
100025,33.0,Male,72840.22,nan,nan,146.23,4,2021-09-19,Net Banking,3,
100212,22.0,Male,27750.3,chennai,Silver,299.47,2,08 Feb 2020,Debit Card,5,
100621,33.0,Female,108173.18,bengaluru,nan,175.14,4,12/06/2020,COD,5,
100170,38.0,Male,63100.69,Mumbai ,nan,167.48,2,15 Dec 2020,UPI,4,
100592,41.0,female,91563.13,Hyderabad ,Gold,202.38,5,21/07/2023,Credit Card,4,
100619,31.0,Male,77483.69,BENGALURU,Silver,34.64,9,08-24-2021,COD,5,
100597,32.0,male,73790.32,DELHI,Bronze,107.05,1,07 Jan 2019,Credit Card,2,
100521,26.0,Female,50964.66, Chennai,Silver,79.34,4,2021-11-13,crypto,5,
100033,32.0,female,70037.09,hyderabad,Silver,47.32,9,2021-11-13,Credit Card,2,
100612,,Female,63260.8,nan,Gold,63.91,5,29 Mar 2023,UPI,2,
100110,21.0,male,73145.28,nan,Silver,136.11,5,10 Dec 2019,crypto,3,
100137,42.0,female,44054.26,nan,Platinum,102.86,5,29 Mar 2019,UPI,3,
100331,56.0,Female,47199.59,nan,nan,41.42,7,11-28-2020,UPI,1,
100223,40.0,Female,,Hyderabad,Bronze,57.03,4,15/04/2020,Debit Card,1,
100029,43.0,M,109283.05,mumbai,Platinum,118.55,4,13 Sep 2022,Debit Card,5,
100288,39.0,Female,86691.73,Mumbai ,nan,28.53,8,2023-07-11,Credit Card,3,
100723,18.0,female,57685.66, Hyderabad,Gold,169.37,3,11-09-2023,UPI,2,
100056,30.0,Male,76303.07, Mumbai,Bronze,80.88,8,08-09-2021,Debit Card,2,
100740,21.0,F,63987.44,MUMBAI,Bronze,106.18,5,18/04/2022,Debit Card,4,
100882,49.0,nan,92369.39,Bengaluru,Gold,185.22,3,12/07/2022,Credit Card,1,
100902,39.0,female,43527.69,nan,Bronze,62.2,7,16/10/2023,Credit Card,4,
100049,46.0,nan,74532.06, Chennai,Gold,266.36,8,2020-10-25,UPI,5,
100905,,Female,20143.45,bengaluru,Silver,42.31,4,10-15-2020,Debit Card,5,
100420,54.0,Male,25783.09,delhi,Silver,126.67,2,17 Nov 2022,Credit Card,2,
100643,63.0,female,57155.48,Bengaluru,Bronze,28.86,3,2023-09-15,COD,2,
100546,36.0,male,65219.66,nan,nan,139.25,2,12-24-2019,Credit Card,2,
100478,24.0,Male,80379.32, Hyderabad,Platinum,33.47,3,06-26-2021,Net Banking,4,
100548,26.0,Female,,nan,Gold,$491.18,5,04-25-2023,Credit Card,5,
100064,45.0,nan,,Delhi ,Bronze,154.97,9,16 Jul 2023,Net Banking,1,
100414,47.0,Female,78680.76,hyderabad,Bronze,63.27,7,27/01/2020,UPI,1,
100385,19.0,female,21271.16,BENGALURU,Platinum,86.12,4,06-12-2019,UPI,1,
100890,18.0,nan,35627.21,chennai,Bronze,212.23,7,08 Jul 2019,Credit Card,2,
100323,52.0,MALE,56467.9, Chennai,Bronze,141.36,9,29 Nov 2022,Credit Card,3,
100452,42.0,nan,95997.81,Chennai,Gold,8.69,,02 Jan 2021,Credit Card,5,
100782,37.0,F,32618.56,delhi,Platinum,30.46,9,14/09/2022,Debit Card,5,
100235,29.0,Male,59113.05,Bengaluru ,Bronze,156.08,8,11-26-2023,Credit Card,4,
100657,28.0,F,94324.06, Bengaluru,Bronze,193.51,-1,2021-03-30,Debit Card,3,
100558,26.0,Male,86647.04,Mumbai,Bronze,160.67,3,04 Aug 2019,COD,1,
100463,19.0,Male,67049.45,nan,nan,213.89,5,2021-08-05,Debit Card,4,
100425,27.0,Male,,delhi,Silver,19.02,4,2022-11-21,Net Banking,1,
100881,41.0,Male,93618.38,bengaluru,Silver,40.48,5,01/05/2020,Credit Card,4,
100304,34.0,Female,67537.34, Delhi,Bronze,43.49,4,30 Dec 2021,Credit Card,3,
100885,25.0,nan,96507.53,mumbai,Platinum,89.14,2,,COD,2,
100690,0.0,M,44833.82,MUMBAI,Silver,58.95,2,2019-11-19,Debit Card,3,
100220,30.0,nan,79521.97,nan,Bronze,169.04,6,08-09-2020,Credit Card,1,
100871,41.0,Female,86921.28,nan,Bronze,20.13,5,07/09/2022,Credit Card,2,
100297,42.0,M,60714.5,bengaluru,Silver,192.27,3,2022-04-27,Debit Card,3,
100022,30.0,male,69633.21,Hyderabad ,Silver,27.59,9,2019-07-27,Net Banking,1,
100761,53.0,Female,38961.31, Chennai,Silver,275.44,6,01-04-2021,Credit Card,3,
100421,39.0,nan,79119.39,Delhi ,Bronze,57.8,2,2019-11-07,UPI,3,
100326,47.0,female,116450.35,Chennai,Bronze,185.61,6,03 Nov 2022,Net Banking,5,
100200,36.0,female,47983.61,nan,Bronze,77.74,5,10 Apr 2019,UPI,1,
100451,36.0,Male,,BENGALURU,nan,217.81,8,2022-01-15,UPI,3,
100138,48.0,F,49036.93, Chennai,Gold,186.0,1,08 May 2023,UPI,4,
100537,32.0,F,72175.92, Delhi,Platinum,104.03,9,17 Feb 2019,Credit Card,4,
100697,23.0,Male,59572.47,nan,Silver,101.86,1,13/04/2019,Debit Card,5,
100718,46.0,Male,90736.85, Bengaluru,Silver,137.03,8,11-26-2022,Credit Card,5,
100647,45.0,nan,83607.56,CHENNAI,Bronze,79.42,4,26/03/2020,Net Banking,1,
100629,26.0,F,85765.8,CHENNAI,Bronze,316.27,2,28/09/2022,Credit Card,3,
100213,38.0,female,44952.49, Delhi,Bronze,173.98,1,05 Mar 2022,Credit Card,3,
100669,32.0,female,53296.23,Delhi ,Bronze,94.92,7,01-29-2021,Debit Card,3,
100935,,female,65823.6,chennai,Bronze,175.8,5,2022-11-29,Net Banking,3,
100922,28.0,F,63119.7,Bengaluru,Bronze,26.54,2,17/07/2021,UPI,4,
100506,31.0,M,24367.61, Delhi,Silver,97.34,4,20 Oct 2019,COD,1,
100816,42.0,M,65216.04,BENGALURU,Bronze,161.68,7,2022-12-16,Net Banking,5,
100232,31.0,Male,66816.0,Mumbai ,Gold,128.62,4,2021-03-13,Debit Card,4,
100406,35.0,Male,75088.89,nan,Platinum,130.92,7,,Net Banking,5,
100730,25 yrs,Female,82144.21,chennai,Silver,63.36,6,04 Jul 2022,Credit Card,2,
100569,45.0,nan,77624.77,nan,Silver,50.04,6,10-01-2019,UPI,3,
100318,30.0,nan,84420.13,Chennai ,Platinum,38.19,6,11-21-2022,Credit Card,5,
100184,51.0,nan,69485.95, Chennai,Platinum,33.93,6,2020-05-04,UPI,1,
100857,42.0,Female,103489.92,nan,Gold,100.43,9,08/03/2019,COD,2,
100855,41.0,Female,62674.67, Bengaluru,nan,$70.04,1,10-08-2023,COD,5,
100694,22.0,nan,,chennai,Silver,$187.65,9,04/03/2022,Credit Card,3,
100610,44.0,nan,45177.87,MUMBAI,Platinum,92.72,6,2023-07-06,COD,5,
100627,33.0,Male,70737.82,BENGALURU,Silver,37.79,9,03 Sep 2022,Credit Card,1,
100486,36.0,Female,84918.77,MUMBAI,Gold,51.15,3,02-27-2019,Debit Card,3,
100279,52.0,nan,88313.44,MUMBAI,Gold,80.91,2,2021-12-31,Debit Card,4,
100631,57.0,Male,93226.34,Mumbai,Silver,76.23,7,05-21-2022,UPI,4,
100021,36.0,male,75906.47,nan,Bronze,33.34,3,02 Apr 2023,UPI,4,
100171,30.0,Male,58356.63,Hyderabad ,Gold,70.13,5,21/06/2022,Credit Card,3,
100402,40.0,Male,62704.44,Chennai,Bronze,161.82,6,2020-08-01,COD,3,
100925,36.0,Male,40792.03,Mumbai,Silver,266.0,3,19/09/2023,UPI,2,
100567,36.0,F,32561.5, Chennai,Bronze,281.4,7,04-06-2023,UPI,3,
100177,57.0,Female,83731.39,Mumbai,nan,132.91,8,01-25-2022,UPI,5,
100328,37.0,Male,54851.99,Delhi ,Platinum,101.28,7,16 Sep 2022,Credit Card,1,
100707,27.0,M,75173.19,Mumbai ,Silver,274.7,2,16 Mar 2022,COD,3,
100199,38.0,M,52676.5,Delhi ,Bronze,80.15,4,09/05/2020,UPI,1,
100471,42.0,male,76423.48,nan,Bronze,92.09,3,16 Aug 2021,Credit Card,2,
100843,59.0,female,54324.08,Bengaluru,Silver,207.29,5,06-04-2022,Credit Card,2,
100695,28.0,Female,67375.93,HYDERABAD,Gold,264.79,6,14 Oct 2019,Debit Card,4,
100267,40.0,Female,63196.15,chennai,Platinum,76.95,4,2022-06-01,UPI,1,
100616,23.0,female,66654.36,MUMBAI,Bronze,107.14,5,2023-07-17,Credit Card,3,
100733,45.0,Female,88722.85,MUMBAI,Bronze,31.02,6,01-13-2023,UPI,4,
100493,35.0,F,,MUMBAI,Bronze,151.21,3,,Credit Card,5,
100131,33.0,Male,30710.28,mumbai,Gold,27.97,7,09 May 2022,nan,3,
100339,52.0,Male,70228.41,mumbai,Platinum,105.86,8,2021-07-18,Debit Card,4,
100852,32.0,male,78519.58,Hyderabad,Platinum,82.93,5,2019-06-02,Credit Card,2,
100490,46.0,male,39811.74,nan,Silver,42.48,5,15 Jan 2021,Net Banking,1,
100573,41.0,Male,80749.65, Hyderabad,Silver,238.91,6,10/05/2019,Net Banking,2,
100607,47.0,male,45724.5,delhi,Bronze,184.46,3,23 Dec 2022,Net Banking,4,
100194,56.0,nan,77099.87,Chennai ,Bronze,224.26,9,10-02-2021,Credit Card,2,
100141,,M,74926.86,Chennai,Silver,100.82,1,21/07/2023,UPI,3,
100417,51.0,M,78371.11,Mumbai ,Bronze,132.31,8,04 Jan 2020,crypto,1,
100661,18.0,Female,45275.2,hyderabad,Platinum,$33.62,5,04-25-2022,UPI,4,
100477,51.0,Female,55838.36, Chennai,Bronze,79.95,6,09-20-2022,Credit Card,3,
100715,35.0,Male,67823.38,Hyderabad ,Bronze,62.42,1,09-27-2022,UPI,1,
100153,18.0,F,66353.43, Bengaluru,Silver,$135.57,2,06-17-2020,Debit Card,3,
100850,50.0,Male,34185.31, Chennai,Bronze,24.48,8,2020-04-21,UPI,3,
100899,44.0,male,76444.85,Mumbai ,Gold,77.1,6,30/11/2019,UPI,2,
100011,49.0,Female,53791.01,delhi,Bronze,77.12,4,2019-07-08,crypto,5,
100270,38.0,female,89587.51,Chennai,nan,311.27,2,20/10/2019,Net Banking,4,
100097,22.0,female,64353.26,Hyderabad,Gold,39.0,5,2023-08-20,COD,2,
100211,49.0,Male,69688.62,Hyderabad,Silver,92.67,1,27/02/2022,UPI,4,
100563,39.0,Male,67910.3,nan,Platinum,84.82,9,29 Oct 2020,Credit Card,10,
100753,26.0,Female,68592.93,Mumbai,Silver,232.19,5,2021-11-05,Debit Card,4,
100570,40.0,Female,74604.82,Bengaluru ,Silver,109.67,4,02/09/2020,UPI,1,
100814,32.0,M,72695.37,nan,Silver,80.09,4,21/04/2020,nan,3,
100776,40.0,M,85921.05,mumbai,Silver,362.12,6,08 Sep 2020,Net Banking,2,
100549,46.0,female,30770.54,delhi,Bronze,30.73,8,13 Apr 2020,Debit Card,3,
100944,52.0,F,72147.3,MUMBAI,Silver,213.0,1,2021-02-20,nan,1,
100533,33.0,female,74689.07,HYDERABAD,Silver,178.91,8,21/01/2020,UPI,5,
100934,,Female,56822.02,Delhi,Gold,66.63,8,07-02-2023,Debit Card,4,
100333,30.0,M,56306.01,BENGALURU,Silver,84.78,6,2020-05-19,Debit Card,5,
100076,46.0,male,78208.85,Bengaluru,Gold,17.38,6,2022-12-13,Net Banking,1,
100713,26.0,Female,51197.69,mumbai,Platinum,34.36,8,15 Jul 2019,crypto,5,
100078,40.0,female,,Hyderabad,Bronze,133.35,1,27/04/2020,Credit Card,4,
100264,31.0,Male,46530.4,Mumbai ,Gold,95.61,8,31 Oct 2020,Net Banking,4,
100468,61.0,F,84910.79,Bengaluru,nan,60.59,7,07 May 2022,UPI,2,
100150,40.0,Female,76102.91,hyderabad,Bronze,43.58,5,23/04/2021,COD,3,
100933,52.0,female,54258.06,MUMBAI,Bronze,40.12,4,08-08-2023,UPI,3,
100515,47.0,MALE,62713.56,Hyderabad ,Silver,173.36,6,06 Nov 2022,crypto,4,
100941,41.0,Female,102758.48,delhi,Bronze,269.4,2,2023-01-30,UPI,4,
100470,26.0,Female,66402.26,Bengaluru,Platinum,66.81,4,2021-04-04,UPI,5,
100565,49.0,Female,85912.8,Hyderabad,Gold,24.54,1,29 Nov 2022,COD,5,
100775,38.0,Male,88201.86,BENGALURU,Bronze,33.95,2,10 Mar 2021,UPI,1,
100462,28.0,Female,44633.69,nan,Silver,133.18,3,22 Jul 2023,Credit Card,2,
100254,26.0,female,43006.83,HYDERABAD,Platinum,175.17,5,01-16-2019,Debit Card,4,
100772,54.0,Female,48369.54,Bengaluru,Bronze,162.99,4,19/06/2022,Net Banking,3,
100846,42.0,Male,35750.85, Mumbai,Bronze,189.46,8,03-03-2019,Debit Card,1,
100370,48.0,nan,94589.24,nan,Bronze,244.01,4,07 Jun 2023,crypto,5,
100322,36.0,Female,89054.02,nan,Gold,78.7,2,08-11-2020,Net Banking,5,
100696,,Male,57009.02,mumbai,Silver,101.6,7,03/09/2022,Net Banking,3,
100152,26.0,M,48817.48,nan,Silver,63.76,1,2019-11-01,Debit Card,2,
100950,22.0,Female,50560.11,HYDERABAD,Bronze,60.69,5,24 Jan 2023,UPI,3,
100303,150.0,Male,83167.87, Mumbai,Silver,37.24,8,05 Jan 2021,Credit Card,5,
100191,59.0,male,46120.93,BENGALURU,Gold,168.99,1,06/04/2020,nan,1,
100587,24.0,Male,81791.36,MUMBAI,Platinum,40.67,5,11-29-2022,UPI,5,
100349,19.0,Male,59592.06, Bengaluru,Platinum,88.08,6,10 Apr 2021,Credit Card,5,
100244,20.0,nan,47671.68, Delhi,Gold,$171.07,6,18 Nov 2023,Credit Card,4,
100794,43.0,Male,54159.92,nan,Silver,97.24,5,15/07/2019,UPI,4,
100088,38.0,Male,52945.61,hyderabad,Bronze,18.87,9,12-30-2023,Credit Card,4,
100752,34.0,Female,30307.77, Mumbai,Silver,132.36,7,2020-04-06,Debit Card,2,
100656,42.0,Male,92061.47, Mumbai,Platinum,341.97,4,19/02/2021,UPI,1,
100910,25.0,Male,71111.6, Mumbai,Bronze,208.09,5,21 Sep 2023,Credit Card,4,
100779,39.0,Male,-50000.0,Bengaluru ,Gold,26.05,,11/04/2020,Debit Card,5,
100419,,M,64100.1,nan,Silver,199.43,5,2023-12-19,UPI,4,
100289,34.0,female,76018.49,Bengaluru,Gold,119.44,5,11/08/2023,UPI,3,
100649,40.0,Female,98147.52,delhi,Silver,236.35,9,11 Dec 2022,COD,5,
100167,49.0,Male,81926.08,Chennai,Silver,45.0,3,29/10/2022,Credit Card,2,
100596,33.0,M,69026.9,Delhi,Silver,28.09,8,29/11/2021,UPI,4,
100938,37.0,F,41017.66,nan,Gold,41.18,8,03/06/2023,Net Banking,1,
100156,59.0,Male,109130.51,Chennai,Platinum,66.96,6,02-25-2020,UPI,1,
100357,41.0,Female,94398.74,mumbai,Silver,110.62,8,11-03-2019,Credit Card,5,
100382,54.0,Female,64255.01,nan,Bronze,105.18,2,11-11-2021,UPI,1,
100280,41.0,M,44268.36,nan,Bronze,80.68,2,12-26-2023,Credit Card,3,
100127,56.0,female,48909.47,Delhi,Silver,165.72,,04 Jul 2022,Credit Card,4,
100708,45.0,MALE,,nan,Bronze,47.41,8,07/01/2023,UPI,2,
100778,43.0,nan,61664.49,nan,Bronze,136.33,5,20/04/2020,Debit Card,5,
100023,53.0,Female,84303.41,HYDERABAD,Platinum,39.09,3,09/10/2020,Net Banking,5,
100617,47.0,male,93203.24,Chennai ,Silver,288.87,4,12-01-2021,Credit Card,2,
100666,,Male,58415.81,HYDERABAD,Platinum,105.73,1,2022-10-25,Credit Card,2,
100283,49.0,Female,17374.65,mumbai,Bronze,123.95,4,12/08/2020,Debit Card,2,
100904,57.0,Female,67339.6,chennai,Gold,50.62,5,07-10-2020,COD,2,
100472,33.0,male,45567.62,Chennai ,Gold,225.23,1,2023-04-02,Debit Card,4,
100739,19.0,F,,Hyderabad,Gold,150.63,1,2020-09-21,Debit Card,2,
100368,28.0,Male,85989.97,CHENNAI,Bronze,138.81,2,05/07/2022,UPI,2,N/A
100026,34.0,F,71076.75, Mumbai,Gold,63.66,2,29/05/2021,COD,5,
100197,46.0,Female,30815.48,Hyderabad ,Platinum,133.55,3,05-11-2021,Credit Card,5,
100065,47.0,nan,79736.73,Bengaluru ,Gold,56.92,1,22 Aug 2021,Debit Card,4,
100016,28.0,MALE,68967.62,delhi,Bronze,20.32,3,09/09/2021,crypto,2,
100467,34.0,Female,70528.29,Mumbai,Gold,427.19,4,19/04/2022,Debit Card,3,
100298,34.0,Male,28073.26,hyderabad,Silver,86.81,4,06-30-2020,UPI,2,
100884,24.0,nan,48562.16, Delhi,Platinum,166.76,3,04-17-2022,Credit Card,2,
100622,38.0,Female,74396.5,Mumbai ,Gold,106.28,1,09-26-2020,Debit Card,3,
100337,30.0,nan,65267.52,nan,Bronze,66.47,4,09-13-2020,UPI,3,
100821,,Male,62829.27,Mumbai,Bronze,96.35,3,09-14-2022,COD,4,
100027,44.0,Female,63169.2,bengaluru,Gold,58.8,8,2019-11-13,Credit Card,2,
100589,41.0,nan,94802.49,Bengaluru,Platinum,19.15,7,2021-12-12,Credit Card,3,
100044,41.0,Male,96804.38,Delhi ,Silver,123.4,7,12-27-2021,crypto,1,
100498,34.0,MALE,78238.95,Chennai ,Platinum,111.76,8,08-02-2020,Debit Card,2,
100793,44.0,Male,82782.55,bengaluru,nan,329.59,7,18 May 2022,Net Banking,1,
100516,42.0,Female,67142.1,nan,Silver,216.44,5,18/07/2021,Debit Card,1,
100372,54.0,Female,, Bengaluru,Silver,183.03,3,11-18-2021,UPI,3,
100562,42.0,Male,,Bengaluru ,Bronze,15.15,9,12-31-2021,Debit Card,5,
100918,44.0,Male,57056.11,delhi,nan,$347.4,6,02-03-2022,UPI,5,
100455,39.0,Female,87675.79,BENGALURU,Silver,139.28,4,04-06-2019,Debit Card,1,
100388,44.0,nan,89185.29,Chennai,Gold,157.47,7,07-28-2023,Credit Card,4,
100072,24.0,Female,103328.9, Mumbai,Silver,69.26,3,2022-11-04,Net Banking,1,
100543,41.0,Female,81097.61,chennai,Silver,151.41,3,14 Apr 2021,Debit Card,2,
100457,51.0,MALE,53463.03,Hyderabad ,Silver,171.81,8,2020-05-07,UPI,4,
100634,21.0,male,88579.09,Mumbai,Gold,198.99,1,04/03/2022,Credit Card,1,
100432,44.0,M,70623.46, Hyderabad,Platinum,316.14,9,03 Sep 2023,Net Banking,3,
100628,54.0,male,26724.41,Mumbai ,Bronze,173.11,5,16 Sep 2023,Credit Card,1,
100654,25.0,female,53959.51,CHENNAI,Silver,89.8,7,2022-06-02,Debit Card,1,
100729,24.0,MALE,47760.35,nan,Silver,105.86,7,09/06/2022,COD,2,
100265,44.0,male,44121.12,CHENNAI,Silver,89.99,3,2019-09-15,UPI,1,
100210,34.0,Female,107422.87,chennai,Gold,127.33,4,06-28-2020,Credit Card,5,
100317,39.0,Female,110548.61, Bengaluru,Gold,149.76,9,06-12-2022,Debit Card,5,
100897,30.0,M,95586.27,chennai,Silver,68.81,6,28/04/2021,UPI,2,
100514,37.0,female,62994.05,nan,Bronze,47.96,4,19/02/2021,Net Banking,5,
100314,43.0,Female,74171.18, Mumbai,Bronze,53.68,1,26 Jun 2023,nan,5,
100535,19.0,MALE,83388.47,Hyderabad ,Bronze,151.59,9,2022-10-20,UPI,4,
100830,20.0,Male,59807.72,HYDERABAD,Silver,109.42,8,,Credit Card,2,
100320,24.0,Male,73933.23,nan,Platinum,176.41,4,2019-04-29,Debit Card,5,
100008,34.0,nan,96501.66,MUMBAI,Bronze,96.69,2,2020-07-27,Debit Card,2,
100394,44.0,Female,115638.09,nan,Silver,172.4,7,06-20-2022,Credit Card,3,
100142,26.0,Female,83224.76,BENGALURU,Bronze,289.44,5,23 Oct 2020,Net Banking,4,
100087,32.0,Male,28795.73,CHENNAI,Gold,119.3,7,03-24-2021,Credit Card,4,
100865,30.0,F,62849.33,Mumbai ,Bronze,220.77,6,08-20-2019,Credit Card,1,
100479,38.0,Female,81382.08, Delhi,nan,95.73,3,2020-09-04,UPI,1,
100504,20.0,Female,46847.65,Mumbai ,Bronze,87.05,4,2021-11-20,UPI,2,
100754,63.0,M,53292.43,Chennai,nan,82.25,4,08/12/2023,UPI,2,
100216,50.0,Female,62563.9,Mumbai,Gold,146.25,8,08-06-2023,Debit Card,3,
100581,19.0,Female,,nan,Gold,120.03,4,,Debit Card,1,
100563,39.0,Male,67910.3,nan,Platinum,84.82,9,29 Oct 2020,Credit Card,10,
100399,44.0,F,80778.16, Hyderabad,Gold,66.95,4,18 Sep 2020,nan,1,
100926,61.0,F,84576.83,CHENNAI,Bronze,81.98,7,03/12/2023,UPI,3,N/A
100669,32.0,female,53296.23,Delhi ,Bronze,94.92,7,01-29-2021,Debit Card,3,
100491,51.0,nan,,BENGALURU,Platinum,62.46,4,10 Oct 2023,Debit Card,3,
100253,59.0,male,49119.13,nan,Silver,212.01,4,24/01/2019,UPI,5,
100908,23 yrs,Female,48374.28,Chennai ,Gold,136.48,3,02-12-2022,Net Banking,1,
100469,-5.0,Male,62405.28,hyderabad,Bronze,75.43,4,10-24-2021,COD,1,
100915,50.0,female,71069.34,chennai,Platinum,91.53,1,10-08-2020,Credit Card,5,
100358,41.0,Female,68389.48, Delhi,Silver,154.29,5,2023-09-26,Credit Card,5,
100255,35.0,Female,69685.97,CHENNAI,Bronze,126.44,8,17 Aug 2023,UPI,5,
100277,29.0,Female,50107.53, Hyderabad,Platinum,132.36,2,2019-02-17,Net Banking,4,
100179,37.0,Female,67547.25, Delhi,Platinum,99.88,3,2020-09-05,Credit Card,2,
100282,,Female,78502.89,Chennai,Gold,58.21,3,01 Feb 2022,Net Banking,2,
100391,18.0,Male,45039.53,Mumbai,Gold,118.85,8,2022-01-14,Credit Card,4,
100509,31.0,Male,59398.63,Bengaluru,Silver,258.02,5,2023-12-14,Net Banking,1,
100750,27.0,Female,68514.01,Chennai,Bronze,81.97,9,02/08/2020,UPI,3,
100584,25.0,female,72780.75,bengaluru,Gold,116.58,6,2021-03-14,Net Banking,1,
100111,43.0,Female,72741.17,nan,Platinum,211.08,1,31/10/2020,Debit Card,4,
100130,27.0,Male,70133.17,nan,Gold,125.5,7,19 Apr 2019,Debit Card,2,
100145,-5.0,male,59815.81,DELHI,Bronze,113.86,5,2023-06-04,Net Banking,4,
100409,23.0,Female,63265.91,Hyderabad ,Bronze,215.5,8,07 Feb 2021,Debit Card,2,
100848,48.0,Female,80057.44,Chennai ,Bronze,79.15,5,03-21-2019,nan,3,
100646,36.0,Female,64848.65,Mumbai ,Platinum,192.43,9,2019-04-06,Credit Card,5,
100716,23.0,male,29870.47,Bengaluru,Silver,77.07,1,06/06/2022,Debit Card,1,
100906,63 yrs,nan,38556.08,nan,Platinum,177.85,3,10-17-2020,Net Banking,2,
100768,31.0,Male,114164.87,Hyderabad,Bronze,283.88,4,06-05-2022,Debit Card,2,
100073,27.0,Male,49731.21,Delhi ,Bronze,111.92,9,21/11/2020,Net Banking,4,
100909,39.0,Male,72928.17,DELHI,Bronze,71.91,7,2022-12-24,Debit Card,1,
100236,30.0,M,55876.88,Bengaluru ,Silver,51.61,7,2023-06-02,Debit Card,5,
100038,28.0,female,88775.68,BENGALURU,Silver,173.97,2,24/01/2020,COD,2,
